ID,Category,Site / dataset,Country,Province / state,Latitude,Longitude,Coordinate source,Land use / condition,Period,Temporal resolution,Method / accuracy,Sites / wells,Availability,Data link,Source publication(s),Publication link(s),Verification / notes
A1,In situ · open,Mendaram peat dome hydrologic data (PANGAEA dataset series),Brunei,Belait (Ulu Mendaram Conservation Area),4.367,114.350,"Literature (4°22′N, 114°21′E)","Pristine, undrained peat swamp forest (peat dome, ~40 km²)",2012–2013 (dataset title),Continuous logger (interval: see dataset),"Solinst Levelogger Edge pressure transducers + Barologger barometric correction (manufacturer spec ±0.05% FS); also Ks, Sy and throughfall",4 dipwells + 4 rain gauges,A – open (PANGAEA),https://doi.org/10.1594/PANGAEA.908215,"Cobb & Harvey 2019, WRR; Cobb et al. 2017, PNAS",https://doi.org/10.1029/2019WR025411 ; https://doi.org/10.1073/pnas.1701090114,Dataset entry and instruments verified; licence not checked
A2,In situ · open,Mendaram water table + CO2 + temperature time series,Brunei,Belait (Ulu Mendaram),4.367,114.350,Same as A1 (literature),Undrained peat swamp forest,WTD: 2012-02-06 to 2015-02-06,Continuous logger,Same logger network as A1,See dataset,A – open (Zenodo),https://zenodo.org/records/3245335,"Hoyt et al. 2019, GCB",https://doi.org/10.1111/gcb.14702,Period verified
A3,In situ · open,Palangkaraya flux sites UF/DF/DB (CO2 flux + meteorology + groundwater level),Indonesia,Central Kalimantan,UF −2.32; DB −2.34; DF ≈−2.34,UF 113.90; DB 114.04; DF ≈114.04,UF from FLUXNET-CH4 metadata; DB from literature; DF approximated (three sites lie within 15 km of each other),UF: largely undrained forest; DF: heavily drained forest; DB: drained and burnt,c. 2002–2017 (12–15 years per site; per-site dates in SI),Flux half-hourly; groundwater level daily or finer,Water level logger (model: see paper),3 sites,A – open (figshare share link),https://figshare.com/s/6aefe20137486d0a6f62,"Hirano et al. 2024, Communications Earth & Environment",https://doi.org/10.1038/s43247-024-01387-7,Data link verified; per-site years to be checked in SI
A4,In situ · open,"DailyGWL.xlsx: daily groundwater level, undrained/drained peat swamp forest, Palangkaraya",Indonesia,Central Kalimantan,≈−2.3,≈113.9–114.0,Regional approximation (same area as A3),Undrained PSF; drained PSF,Undrained 2015–2018; drained 2013–2017,Daily,Water level logger,2 sites,A – open (figshare),https://figshare.com/articles/dataset/DailyGWL_xlsx/22321129/1,Hirano group data; probably used by Koupaei-Abyazani et al. 2024 (IN-undrained / IN-drained sites),https://doi.org/10.1029/2024JG008116,Data and period verified; linked paper not confirmed
A5,In situ · open,FLUXNET-CH4 ID-Pag (Palangkaraya undrained forest),Indonesia,Central Kalimantan,−2.32,113.90,Dataset metadata,Undrained peat swamp forest,2016–2017,Half-hourly / daily (FLUXNET format),Eddy covariance (EC) flux; check after download whether a WTD variable is included,1 tower,"A – open (FLUXNET-CH4, CC-BY 4.0)",https://doi.org/10.18140/FLX/1669643,"Sakabe et al. 2018, GCB; Delwiche et al. 2021, ESSD",https://doi.org/10.1111/gcb.14410 ; https://doi.org/10.5194/essd-13-3607-2021,Coordinates and years verified
A6,In situ · open,FLUXNET-CH4 MY-MLM (Maludam National Park),Malaysia,Sarawak (Betong),1.4536,111.1495,Dataset metadata,Primary peat swamp forest (peat ~8 m thick),FLUXNET-CH4 subset years: see data page; CO2 and water table at the same site 2011–2014 (Tang 2020),Half-hourly,EC flux + groundwater level,1 tower,A – open (FLUXNET-CH4 subset); full 2011–2014 record on request from Sarawak TROPI,https://doi.org/10.18140/FLX/1669650,"Tang et al. 2018, GRL; Tang et al. 2020, GCB",https://doi.org/10.1029/2017GL076457 ; https://doi.org/10.1111/gcb.15332,Coordinates verified; FLUXNET-CH4 subset years not verified
A7,In situ · open,Kampar Peninsula: intact vs degraded forest (EC + groundwater level),Indonesia,Riau,≈0.3,≈102.8,Regional approximation (tower coordinates in paper SI),Intact peat forest; degraded forest,Mid-2017 to mid-2020,Half-hourly (EC); continuous groundwater level,Water level logger (model: see paper),2 towers,A – open (Zenodo),https://doi.org/10.5281/zenodo.4835696,"Deshmukh et al. 2021, Nature Geoscience",https://doi.org/10.1038/s41561-021-00785-2,Zenodo record and period verified
A8,In situ · open,Kampar Peninsula: Acacia plantation / degraded forest / intact forest,Indonesia,Riau,≈0.3,≈102.8,Regional approximation (tower coordinates in paper SI),Acacia crassicarpa plantation; degraded forest; intact forest,2016-10 to 2022-05 (plantation EC to 2021-05; intact forest EC from 2017-06),Half-hourly (EC); continuous groundwater level,Water level logger,3 towers,A – open (Zenodo),https://zenodo.org/records/7500659,"Deshmukh et al. 2023, Nature; Deshmukh et al. 2020, GCB",https://doi.org/10.1038/s41586-023-05860-9 ; https://doi.org/10.1111/gcb.15019,Verified
A9,In situ · open,Indonesian peatland groundwater table + water retention dataset (8 stations),Indonesia,Jambi (Batanghari); West Kalimantan (Kubu Raya),Batanghari ≈−1.7; Kubu Raya ≈−0.4,Batanghari ≈103.1; Kubu Raya ≈109.4,Regional approximation (per-station coordinates in the paper's table),Human-modified / degraded peatland,2018–2019,Daily,"Automatic stations (groundwater level, rainfall, soil moisture)",8 stations,"A – open (Data in Brief supplement, Excel)",https://www.sciencedirect.com/science/article/pii/S2352340922001159,"Taufik et al. 2022, Data in Brief 41 (doi:10.1016/j.dib.2022.107903)",https://pubmed.ncbi.nlm.nih.gov/35198682/,Station count and period verified; DOI taken from search summary
A10,In situ · open (related variable),Sumatra peat moisture dataset (21 stations),Indonesia,Three provinces in Sumatra,See paper,See paper,—,Human-modified peatland,2018–2019,Daily,Soil moisture content (not WTD); stations linked to SiPALAGA,21 stations,A – open (Data in Brief),https://www.sciencedirect.com/science/article/pii/S2352340923000070,"Taufik et al. 2023, Data in Brief (doi:10.1016/j.dib.2023.108889)",https://pubmed.ncbi.nlm.nih.gov/36817731/,"Moisture only; for WTD, request the same stations' water levels from SiPALAGA"
A11,In situ · open,"SUSTAINPEAT smallholder systems, 48 sites (GHG + manual WTD)",Malaysia; Indonesia,North & South Selangor; West & Central Kalimantan,See dataset,See dataset,In dataset,"Forest, tree plantation, oil palm, cropland",Malaysia 2018-03 to 2019-02; Indonesia 2018-05 to 2019-04,Monthly (manual),Manual dipwell readings (typically about ±1 cm),48 sites in 4 regions,A – open (University of Nottingham RDMC),https://rdmc.nottingham.ac.uk/handle/internal/10505,"Jovani-Sancho et al. 2023, GCB",https://doi.org/10.1111/gcb.16747,Verified
A12,In situ · open (WTD content unconfirmed),Sebungan oil palm plantation EC site,Malaysia,"Sarawak (Sebauh, Bintulu district)",3.166,113.353,"Published Sebungan plantation coordinates (3°9.965′N, 113°21.198′E); same tower position not confirmed",Logged peat swamp forest converted to oil palm (planted 2006; peat ~4 m),"Multi-year, see paper",Half-hourly,EC + groundwater level,1 tower,A/B (University of Exeter ORE data entry),https://ore.exeter.ac.uk/repository/handle/10871/124993,"McCalmont et al. 2021, GCB",https://doi.org/10.1111/gcb.15544,Data entry exists; whether it contains a WTD field still to be checked
A13,In situ · open,CIFOR SWAMP: Central Kalimantan primary peat forest + 2 oil palm plantations,Indonesia,Central Kalimantan,See paper,See paper,—,Primary PSF; oil palm,13 months (see paper),Monthly / daily (per respiration collar),Manual dipwell WTD alongside soil respiration,3 land uses,A – open (CIFOR Dataverse),https://data.cifor.org/dataset.xhtml?persistentId=doi:10.17528/CIFOR/DATA.00061&version=1.0,"Hergoualc'h et al. 2017, Biogeochemistry 135:203–220",https://doi.org/10.1007/s10533-017-0363-4,Dataset verified; WTD field name to be confirmed
A14,In situ · open (locate in repository),Central Kalimantan forest vs smallholder oil palm (soil respiration + WTD),Indonesia,Central Kalimantan,See paper,See paper,—,Undrained forest; drained oil palm,2014-01 to 2015-09 (includes 2015 El Niño),Monthly,Manual dipwells,Several plots,A/B (CIFOR SWAMP GHG Dataverse),https://data.cifor.org/dataverse.xhtml?alias=swamp-GHGs,"Swails et al. 2019, Biogeochemistry 142:37–51; Swails et al. 2019, MASGC (GRACE)",https://doi.org/10.1007/s10533-018-0519-x ; https://doi.org/10.1007/s11027-018-9822-z,Papers and period verified; specific data entry still to be located
B1,Monitoring network · portal,SiPALAGA (BRG/BRGM real-time peatland water level monitoring network),Indonesia,"7 priority restoration provinces (Riau, Jambi, South Sumatra, West Kalimantan, Central Kalimantan, South Kalimantan, Papua)",Per station,Per station,Portal station metadata (station IDs such as BRG_621103_05),"Restoration areas, concessions, community land",c. 2017/2018 to present,"Logged every 10 min, uploaded hourly; commonly distributed as daily min/mean/max",Automatic water level (TMAT) + soil moisture + rainfall + meteorology,About 142 units by December 2018,B – portal (access and historical downloads change with the agency; test it yourself or request from BRGM),https://ptpsw.bppt.go.id/index.php/produk/93-sipalaga,Examples of use: RSE 2025 (Central Kalimantan SBAS-InSAR); Sci Rep 2025 (L-band InSAR restoration assessment); Taufik 2022/2023,https://www.sciencedirect.com/science/article/pii/S0034425725004134 ; https://www.nature.com/articles/s41598-025-08390-8,Station count and frequency from a 2019 Mongabay report: https://www.mongabay.co.id/2019/01/28/brg-kembangkan-sistem-pemantauan-muka-air-gambut/
B2,Monitoring network · not public,SiMATAG-0.4m (KLHK peatland groundwater level information system),Indonesia,National peatland area (concessions + community land),Per point,Per point,In system,Mainly plantations / concessions,Launched 2019 to present,Periodic manual/automatic (updated through a mobile app),TMAT compliance monitoring (0.4 m threshold),"9,603 observation points",C – not public (regulatory data; requires collaboration with KLHK),https://ppid.menlhk.go.id/berita/siaran-pers/4915/menteri-lhk-luncurkan-simatag-04m-untuk-monitoring-keberhasilan-pemulihan-gambut,KLHK press release 2019,https://www.menlhk.go.id/site/single_post/2151,Point count verified
B3,Database · registration,AsiaFlux database (Palangkaraya PDF and other peat sites),Indonesia and others,Central Kalimantan,See site page,See site page,Database,Peat forest / degraded forest,See site page,Half-hourly,Flux + meteorology (some sites include groundwater level),—,B – download after registration,https://db.cger.nies.go.jp/asiafluxdb/?page_id=16,Hirano et al. (several papers),https://doi.org/10.1111/gcb.12653,Whether WTD is in the database must be checked site by site
C1,In situ · paper / on request,"South Sumatra large-scale rewetting trial (257 dams, 4,800 ha)",Indonesia,South Sumatra (coastal peat),See paper Fig. 1,See paper Fig. 1,—,Retired Acacia plantation + adjacent PSF,7.5 years of monitoring (see paper),Dipwell network (frequency: see paper),Water table raised from about −0.6 m to about −0.3 m; paired subsidence poles,Many dipwells,C – figures in paper (see Data availability statement),—,"Hooijer et al. 2024, Scientific Reports",https://doi.org/10.1038/s41598-024-60462-3,Verified
C2,In situ · paper / on request,"APRIL/RAPP plantation subsidence + water table network (Kampar, Pulau Padang)",Indonesia,Riau,≈0.3–1.1,≈102.3–102.8,Regional approximation,"Acacia plantations, conservation forest",c. 2007–2020 (long-term),Monthly/quarterly manual + some loggers,Dipwells + subsidence poles (hundreds to over a thousand),">1,000 subsidence points",C – company data (requires collaboration with APRIL/UKCEH),—,"Evans et al. 2019, Geoderma 338; Evans et al. 2022, Geoderma",https://www.researchgate.net/publication/330075630 ; https://www.sciencedirect.com/science/article/pii/S0016706122004074,Period approximate
C3,In situ · paper / on request,Pulau Padang water level stations across land-use units,Indonesia,Riau (Kepulauan Meranti),≈1.1,≈102.3,Regional approximation,"Large plantations, village-scale drainage, PSF",See paper,Logger (multiple stations),Plantation WTD down to −1.8 m; recession rate up to 3.5 cm/day,Multiple stations,C – paper,—,"Ismail et al. 2021, Hydrology Research 52(6):1372; 2026 J. Hydrol. Reg. Stud. (MIKE SHE modelling)",https://iwaponline.com/hr/article/52/6/1372/84954/Water-table-variations-on-different-land-use-units ; https://www.sciencedirect.com/science/article/pii/S2214581826000832,Verified
C4,In situ · paper / on request,Tebing Tinggi Island canal-blocking dipwells,Indonesia,Riau (Kepulauan Meranti),≈0.9,≈102.7,Regional approximation,Drained peatland / canal-blocked restoration area,See paper,See paper,Dipwells on 3 transects at 1/51/101/201 m from the canal,8 dipwells,C – paper,—,"Sutikno et al. 2020, IOP Conf. Ser. MSE 933",https://iopscience.iop.org/article/10.1088/1757-899X/933/1/012052,Verified
C5,In situ · paper / on request,East Kalimantan undrained peat swamp forest (CO2/CH4 + fluvial DOC),Indonesia,East Kalimantan,See paper,See paper,—,Undrained PSF,2022-10 to 2023-09,See paper,WTD measured alongside fluxes,See paper,C – paper,—,"Asyhari et al. 2024, Scientific Reports",https://doi.org/10.1038/s41598-024-62233-6,Verified
C6,In situ · paper / on request,Sarawak secondary peat forest → oil palm conversion EC site,Malaysia,Sarawak (Sri Aman Division),See paper,See paper,—,"Secondary PSF, later converted to oil palm",From 2010; 9 years of CO2 flux,Half-hourly,EC + groundwater level,1 tower,C – paper (Sarawak TROPI / Hokkaido University),—,"Kiew et al. 2018, AFM; Kiew et al. 2025, AFM; Hirano et al. 2025, AGU Advances",https://www.sciencedirect.com/science/article/abs/pii/S0168192317303428 ; https://www.sciencedirect.com/science/article/abs/pii/S0168192325005751 ; https://doi.org/10.1029/2025AV001861,Verified
C7,In situ · paper / on request,"Sarawak peat catchment, 4 stations (MA–MD)",Malaysia,Sarawak,See paper,See paper,—,Peat swamp catchment,2011–2015,Monthly (analysis scale),Water table + precipitation,4 stations,C – paper,—,"Aeries & Katimon et al. 2023, ASET (UniMAP)",https://ejournal.unimap.edu.my/index.php/aset/article/view/331,Verified
C8,In situ · paper / on request,North Selangor peat swamp forest groundwater monitoring,Malaysia,Selangor (North Selangor PSF / Raja Musa),≈3.7,≈101.3,Regional approximation,PSF / degraded forest,2013-12 to 2016-12,Monthly (manual),Manual dipwells,See paper,C – paper,—,Lo & Parish 2022,https://www.corpuspublishers.com/assets/articles/aart-v3-22-1029.pdf,Verified
C9,In situ · paper / on request,"North Selangor, 4 peat condition classes (cameras + dipwells)",Malaysia,Selangor,≈3.7,≈101.3,Regional approximation,"Degraded forest, burnt scrub, recovering forest, smallholder oil palm",See paper,Sub-daily (camera),Time-lapse cameras + subsidence poles,Multiple stations,C – paper,—,"Ledger et al. 2023, Front. Environ. Sci.",https://doi.org/10.3389/fenvs.2023.1182100,Verified
C10,In situ · paper / on request,Central Kalimantan peat camera system (surface motion + WTD),Indonesia,Central Kalimantan,See paper,See paper,—,"Forest, burnt area, agriculture, oil palm",About 2 years,Sub-daily,Low-cost time-lapse cameras; WTD quality comparable to pressure transducers,4 land-cover types,C – paper,—,"Evans et al. 2021, Front. Environ. Sci.",https://doi.org/10.3389/fenvs.2021.630752,Verified
C11,In situ · paper / on request,South Sumatra + Central Kalimantan time-lapse cameras (peat motion and WTD),Indonesia,South Sumatra; Central Kalimantan,See paper,See paper,—,4 land-cover types,About 1 year,Every 2 hours (synchronised with water level logger),Camera + water level logger (R² 0.74–0.95),4 stations,C – paper,—,IOP Conf. Ser. EES 1025 (2022); see also IOP EES 1421 (2024) (forest vs burnt area),https://iopscience.iop.org/article/10.1088/1755-1315/1025/1/012011 ; https://iopscience.iop.org/article/10.1088/1755-1315/1421/1/012005,Verified
C12,In situ · paper / on request,Badas peat dome: burnt vs intact PSF,Brunei,Belait (Badas),≈4.6,≈114.4,Regional approximation,Burnt area / intact PSF / disturbed peat,See paper,See paper,Dipwells / piezometers,See paper,C – paper,—,"Lupascu et al. 2020, GCB; Mires and Peat (Badas groundwater monitoring)",https://doi.org/10.1111/gcb.15195 ; https://www.mires-and-peat.net/article/128750-groundwater-monitoring-geophysical-and-hydrochemical-assessment-of-highly-disturbed-peat-deposits-at-badas-brunei-darussalam.pdf,Verified
C13,In situ · paper / on request,Mendaram dipwells + IMERG rainfall parameterisation,Brunei,Belait,4.367,114.350,Same as A1,Undrained PSF,See paper,Logger,4 Levelogger dipwells,4,B/C (raw data: see A1),https://doi.org/10.1594/PANGAEA.908215,Hydrological Processes 2025 (hyp.70209),https://doi.org/10.1002/hyp.70209,Verified
C14,In situ · paper / on request,Pekan (Pahang) canal-blocking restoration dipwells,Malaysia,Pahang,≈3.3,≈103.3,Regional approximation,Drained / canal-blocked PSF,Mid-2010s (approx.),Monthly,Simple PVC tube wells (manual),112 tube wells + 16 canal gauges,C – conference abstract,—,IPC 2016 abstract A-065,https://peatlands.org/assets/uploads/2019/06/ipc16p467-471a065kasih.simon_.etal_.pdf,Period approximate
D1,Synthesis / gridded product,"SE Asian forested peatland WTD maps (IMERG-driven, ~25 years daily)",Southeast Asia,Regional,Grid,Grid,Grid resolution 10 km,Undrained PSF (model),c. 2000–2025,Daily,"Calibrated with dipwell records from undrained PSF in 4 regions (wells up to 2,200 m from major canals)",—,A – open (Mendeley Data),https://doi.org/10.17632/69mbg22fxf,"Hooijer & Vernimmen 2026, Scientific Reports 16:26515",https://doi.org/10.1038/s41598-026-64641-2,Verified
D2,Synthesis / gridded product,PEATCLSM_Trop (land surface model output for natural/drained tropical peat),Pan-tropical (incl. SE Asia),Regional,Grid,Grid,Grid resolution 9 km,Natural + drained peat,See dataset,Daily,Evaluated against site water levels and EC evapotranspiration; site list in paper,—,A – open (Zenodo),https://doi.org/10.5281/zenodo.6011689,"Apers et al. 2022, JAMES",https://doi.org/10.1029/2021MS002784,Site table not checked (full text not accessible)
D3,Synthesis / gridded product,OPTRAM remote-sensing WTD retrieval (Landsat),"Malaysia, Indonesia, Peru",Sarawak; Central Kalimantan,See paper,See paper,—,Drained / undrained / degraded / converted,See paper,Landsat revisit,Validated against in situ WTD at 6 sites,6 sites,C – paper,—,"Koupaei-Abyazani et al. 2024, JGR-Biogeosciences",https://doi.org/10.1029/2024JG008116,Verified
D4,Synthesis / gridded product,GSMaP-driven regional groundwater level maps + CO2/CH4 emissions,Southeast Asia,"~180,000 km² of peat",Grid,Grid,—,Multiple land uses,See paper,Monthly,Calibrated with Palangkaraya and Sarawak sites,—,C – paper (see SI),—,"Hirano et al. 2025, AGU Advances; Cochrane et al. 2026, AGU Advances",https://doi.org/10.1029/2025AV001861 ; https://doi.org/10.1029/2025AV002260,Verified
D5,Synthesis / gridded product,"Synthesis of 16 SE Asian EC sites (112 site-years, incl. peat sites)",Southeast Asia,—,See paper,See paper,—,Primary forest → secondary forest → plantation,Multi-year,Half-hourly,Flux synthesis (WTD not available at every site),16 sites,C – paper,—,"Hanggara et al. 2026, GCB",https://doi.org/10.1111/gcb.70753,Verified
D6,Synthesis / gridded product,Harmonized peatland dataset for Indonesia v0.1 (+ EPIC-simulated monthly WTD 2001–2010),Indonesia,National,Grid,Grid,Grid resolution 0.25°,Peat types / simulated WTD,2001–2010 (simulated),Monthly,"Model output, not observations",—,A – open (Zenodo),https://zenodo.org/records/6998052,IIASA (Balkovič et al.),https://pure.iiasa.ac.at/id/eprint/18393/,Exact Zenodo record holding the simulated WTD not confirmed
D7,Synthesis / gridded product,Meta-analysis of tropical peat drainage vs CO2/N2O (site-mean WTD),Pan-tropical (mostly SE Asia),—,See supplement,See supplement,—,Multiple land uses,Literature compilation,Site mean,From literature,Many sites,A/C (supplementary material),—,"Prananto et al. 2020, GCB",https://doi.org/10.1111/gcb.15147,Verified
D8,Synthesis / gridded product,SMAP peat soil moisture neural network (WTD proxy),Southeast Asia,—,Grid,Grid,Grid resolution 9–36 km,—,2015 onwards,Daily,"Soil moisture, not WTD",—,A – open (Zenodo code and data),https://zenodo.org/records/6740137,"Dadap et al. 2022, ERL",https://doi.org/10.1088/1748-9326/ac7969,Verified
