ID,类别,站点/数据集,国家,省/州,纬度,经度,坐标来源,土地利用/状态,数据时段,时间分辨率,测量方式/精度,站点/井数,可获取性,数据链接,原始文献,文献链接,核实状态/备注
A1,原位·公开,Mendaram 泥炭穹水文数据（PANGAEA 数据集系列）,文莱,Belait（Ulu Mendaram 保护区）,4.367,114.350,"文献（4°22′N, 114°21′E）",原始、未排水泥炭沼泽林（泥炭穹，~40 km²）,2012–2013（数据集标题）,自记连续（间隔见数据集）,Solinst Levelogger Edge 压力式水位计 + Barologger 气压校正（厂商标称 ±0.05% FS）；另附 Ks、Sy、穿透雨,4 口测井 + 4 个雨量计,A 公开（PANGAEA）,https://doi.org/10.1594/PANGAEA.908215,"Cobb & Harvey 2019, WRR；Cobb et al. 2017, PNAS",https://doi.org/10.1029/2019WR025411 ; https://doi.org/10.1073/pnas.1701090114,数据集条目、仪器已核实；许可证未打开核实
A2,原位·公开,Mendaram 地下水位 + CO2 + 温度时间序列,文莱,Belait（Ulu Mendaram）,4.367,114.350,同 A1（文献）,未排水泥炭沼泽林,WTD：2012-02-06 至 2015-02-06,连续自记,同 A1 水位计网络,见数据集,A 公开（Zenodo）,https://zenodo.org/records/3245335,"Hoyt et al. 2019, GCB",https://doi.org/10.1111/gcb.14702,时段已核实
A3,原位·公开,Palangkaraya 三个通量站 UF/DF/DB（CO2 通量 + 气象 + 地下水位）,印尼,中加里曼丹 Central Kalimantan,UF −2.32；DB −2.34；DF ≈−2.34,UF 113.90；DB 114.04；DF ≈114.04,UF 取自 FLUXNET-CH4 元数据；DB 取自文献；DF 按“三站相距 15 km 以内”近似,UF 基本未排水林；DF 重度排水林；DB 排水后火烧迹地,约 2002–2017（每站 12–15 年，逐站起止见 SI）,通量半小时；地下水位日值及以上,自记水位计（型号见原文）,3 站,A 公开（figshare 分享链接）,https://figshare.com/s/6aefe20137486d0a6f62,"Hirano et al. 2024, Communications Earth & Environment",https://doi.org/10.1038/s43247-024-01387-7,数据链接已核实；逐站年份需查 SI
A4,原位·公开,DailyGWL.xlsx：Palangkaraya 未排水/排水泥炭林日地下水位,印尼,中加里曼丹,≈−2.3,≈113.9–114.0,区域近似（同 A3）,未排水 PSF；排水 PSF,未排水 2015–2018；排水 2013–2017,日,自记水位计,2 站,A 公开（figshare）,https://figshare.com/articles/dataset/DailyGWL_xlsx/22321129/1,Hirano 课题组数据；疑似被 Koupaei-Abyazani et al. 2024（IN-undrained/IN-drained 站）使用,https://doi.org/10.1029/2024JG008116,数据与时段已核实；关联论文待核实
A5,原位·公开,FLUXNET-CH4 ID-Pag（Palangkaraya 未排水林）,印尼,中加里曼丹,−2.32,113.90,数据集元数据,未排水泥炭沼泽林,2016–2017,半小时/日（FLUXNET 格式）,EC 通量；是否含 WTD 变量需下载后确认,1 塔,A 公开（FLUXNET-CH4，CC-BY 4.0）,https://doi.org/10.18140/FLX/1669643,"Sakabe et al. 2018, GCB；Delwiche et al. 2021, ESSD",https://doi.org/10.1111/gcb.14410 ; https://doi.org/10.5194/essd-13-3607-2021,坐标、年份已核实
A6,原位·公开,FLUXNET-CH4 MY-MLM（Maludam 国家公园）,马来西亚,砂拉越 Sarawak（Betong）,1.4536,111.1495,数据集元数据,原始泥炭沼泽林（泥炭厚约 8 m）,FLUXNET-CH4 子集年份见数据页；同站 CO2 与水位 2011–2014（Tang 2020）,半小时,EC 通量 + 地下水位,1 塔,A 公开（FLUXNET-CH4 子集）；完整 2011–2014 数据需向 Sarawak TROPI 申请,https://doi.org/10.18140/FLX/1669650,"Tang et al. 2018, GRL；Tang et al. 2020, GCB",https://doi.org/10.1029/2017GL076457 ; https://doi.org/10.1111/gcb.15332,坐标已核实；FLUXNET-CH4 子集年份未核实
A7,原位·公开,Kampar 半岛：原始林 vs 退化林（EC + 地下水位）,印尼,廖内 Riau,≈0.3,≈102.8,区域近似（塔位坐标见原文 SI）,原始泥炭林；退化林,2017 年中至 2020 年中,半小时（EC）；地下水位连续,自记水位计（型号见原文）,2 塔,A 公开（Zenodo）,https://doi.org/10.5281/zenodo.4835696,"Deshmukh et al. 2021, Nature Geoscience",https://doi.org/10.1038/s41561-021-00785-2,Zenodo 与时段已核实
A8,原位·公开,Kampar 半岛：金合欢种植园 / 退化林 / 原始林,印尼,廖内 Riau,≈0.3,≈102.8,区域近似（塔位坐标见原文 SI）,Acacia crassicarpa 种植园；退化林；原始林,2016-10 至 2022-05（种植园 EC 至 2021-05；原始林 EC 自 2017-06）,半小时（EC）；地下水位连续,自记水位计,3 塔,A 公开（Zenodo）,https://zenodo.org/records/7500659,"Deshmukh et al. 2023, Nature；Deshmukh et al. 2020, GCB",https://doi.org/10.1038/s41586-023-05860-9 ; https://doi.org/10.1111/gcb.15019,已核实
A9,原位·公开,印尼泥炭地下水位 + 持水特性数据集（8 站）,印尼,占碑 Jambi（Batanghari）；西加里曼丹（Kubu Raya）,Batanghari ≈−1.7；Kubu Raya ≈−0.4,Batanghari ≈103.1；Kubu Raya ≈109.4,区域近似（逐站坐标见原文表格）,人为改造/退化泥炭地,2018–2019,日,自动监测站（地下水位、雨量、土壤湿度）,8 站,A 公开（Data in Brief 附件，Excel）,https://www.sciencedirect.com/science/article/pii/S2352340922001159,"Taufik et al. 2022, Data in Brief 41（doi:10.1016/j.dib.2022.107903）",https://pubmed.ncbi.nlm.nih.gov/35198682/,站数、时段已核实；DOI 取自检索摘要
A10,原位·公开（相关变量）,苏门答腊泥炭含水量数据集（21 站）,印尼,苏门答腊 3 个省,见原文,见原文,—,人为改造泥炭地,2018–2019,日,土壤含水量（不是 WTD）；站点与 SiPALAGA 相关,21 站,A 公开（Data in Brief）,https://www.sciencedirect.com/science/article/pii/S2352340923000070,"Taufik et al. 2023, Data in Brief（doi:10.1016/j.dib.2023.108889）",https://pubmed.ncbi.nlm.nih.gov/36817731/,只含含水量；如需 WTD，应向 SiPALAGA 申请同站水位
A11,原位·公开,SUSTAINPEAT 小农户系统 48 个样点（GHG + 手测 WTD）,马来西亚；印尼,雪兰莪北部/南部；西加里曼丹、中加里曼丹,见数据集,见数据集,数据集内,森林、树木种植园、油棕、农田,马来西亚 2018-03 至 2019-02；印尼 2018-05 至 2019-04,月（人工）,人工测井读数（通常约 ±1 cm）,48 个样点、4 个区域,A 公开（诺丁汉大学 RDMC）,https://rdmc.nottingham.ac.uk/handle/internal/10505,"Jovani-Sancho et al. 2023, GCB",https://doi.org/10.1111/gcb.16747,已核实
A12,原位·公开（待确认含 WTD）,Sebungan 油棕种植园 EC 站,马来西亚,砂拉越（Bintulu 区 Sebauh）,3.166,113.353,"文献报告的 Sebungan 种植园坐标（3°9.965′N, 113°21.198′E），是否为同一塔位待核实",由择伐泥炭林转为油棕（2006 年种植，泥炭约 4 m）,多年，见原文,半小时,EC + 地下水位,1 塔,A/B（埃克塞特大学 ORE 数据条目）,https://ore.exeter.ac.uk/repository/handle/10871/124993,"McCalmont et al. 2021, GCB",https://doi.org/10.1111/gcb.15544,数据条目存在；是否含 WTD 字段待打开确认
A13,原位·公开,CIFOR SWAMP：中加里曼丹原始泥炭林 + 2 个油棕园,印尼,中加里曼丹,见原文,见原文,—,原始 PSF；油棕,13 个月（见原文）,月 / 日（每个呼吸环）,人工测井 WTD，与土壤呼吸配套,3 个土地利用,A 公开（CIFOR Dataverse）,https://data.cifor.org/dataset.xhtml?persistentId=doi:10.17528/CIFOR/DATA.00061&version=1.0,"Hergoualc'h et al. 2017, Biogeochemistry 135:203–220",https://doi.org/10.1007/s10533-017-0363-4,数据集已核实；WTD 字段名待确认
A14,原位·公开（需在库中查找）,中加里曼丹森林 vs 小农户油棕（土壤呼吸 + WTD）,印尼,中加里曼丹,见原文,见原文,—,未排水林；排水油棕,2014-01 至 2015-09（含 2015 厄尔尼诺）,月,人工测井,多个样地,A/B（CIFOR SWAMP GHG Dataverse）,https://data.cifor.org/dataverse.xhtml?alias=swamp-GHGs,"Swails et al. 2019, Biogeochemistry 142:37–51；Swails et al. 2019, MASGC（GRACE）",https://doi.org/10.1007/s10533-018-0519-x ; https://doi.org/10.1007/s11027-018-9822-z,论文与时段已核实；具体数据条目待查
B1,监测网络·门户,SiPALAGA（BRG/BRGM 泥炭地下水位实时监测网）,印尼,7 个优先恢复省（廖内、占碑、南苏门答腊、西加里曼丹、中加里曼丹、南加里曼丹、巴布亚）,逐站,逐站,门户站点信息（站号如 BRG_621103_05）,恢复区、特许经营区、社区土地,约 2017/2018 至今,每 10 分钟记录、每小时上传；对外常见为日最小/平均/最大,自动水位（TMAT）+ 土壤湿度 + 雨量 + 气象,截至 2018 年 12 月约 142 台,B 门户（可访问性和历史数据下载随机构调整；需自行测试或向 BRGM 申请）,https://ptpsw.bppt.go.id/index.php/produk/93-sipalaga,应用例：RSE 2025（中加里曼丹 SBAS-InSAR）；Sci Rep 2025（L 波段 InSAR 评估恢复）；Taufik 2022/2023,https://www.sciencedirect.com/science/article/pii/S0034425725004134 ; https://www.nature.com/articles/s41598-025-08390-8,站数与频率取自 Mongabay 2019 报道：https://www.mongabay.co.id/2019/01/28/brg-kembangkan-sistem-pemantauan-muka-air-gambut/
B2,监测网络·非公开,SiMATAG-0.4m（KLHK 泥炭地下水位信息系统）,印尼,全国泥炭区（特许经营区 + 社区土地）,逐点,逐点,系统内,种植园/特许经营区为主,2019 年上线至今,定期人工/自动（通过 App 更新）,TMAT 合规监测（阈值 0.4 m）,"9,603 个观测点",C 不公开（监管数据，需与 KLHK 合作）,https://ppid.menlhk.go.id/berita/siaran-pers/4915/menteri-lhk-luncurkan-simatag-04m-untuk-monitoring-keberhasilan-pemulihan-gambut,KLHK 新闻稿 2019,https://www.menlhk.go.id/site/single_post/2151,点数已核实
B3,数据库·注册,AsiaFlux 数据库（Palangkaraya PDF 等泥炭站）,印尼等,中加里曼丹,见站点页,见站点页,数据库,泥炭林 / 退化林,见站点页,半小时,通量 + 气象（部分含地下水位）,—,B 注册后下载,https://db.cger.nies.go.jp/asiafluxdb/?page_id=16,Hirano et al.（多篇）,https://doi.org/10.1111/gcb.12653,WTD 是否在数据库中需逐站确认
C1,原位·论文/需申请,"南苏门答腊大尺度复湿试验（257 座坝，4,800 ha）",印尼,南苏门答腊（沿海泥炭）,见原文图 1,见原文图 1,—,退役金合欢种植园 + 相邻 PSF,7.5 年监测（见原文）,测井网络（频率见原文）,水位从约 −0.6 m 升到约 −0.3 m；配套沉降杆,大量测井,C 论文图表（Data availability 见原文）,—,"Hooijer et al. 2024, Scientific Reports",https://doi.org/10.1038/s41598-024-60462-3,已核实
C2,原位·论文/需申请,APRIL/RAPP 种植园沉降 + 水位网络（Kampar、Pulau Padang）,印尼,廖内,≈0.3–1.1,≈102.3–102.8,区域近似,金合欢种植园、保护林,约 2007–2020（长期）,月/季人工 + 部分自记,测井 + 沉降杆（数百至上千个）,>1000 个沉降点,C 企业数据（需与 APRIL/UKCEH 合作）,—,"Evans et al. 2019, Geoderma 338；Evans et al. 2022, Geoderma",https://www.researchgate.net/publication/330075630 ; https://www.sciencedirect.com/science/article/pii/S0016706122004074,时段为约数
C3,原位·论文/需申请,Pulau Padang 不同土地利用单元水位站,印尼,廖内（Kepulauan Meranti）,≈1.1,≈102.3,区域近似,大型种植园、村庄小尺度排水、PSF,见原文,自记（多站）,种植园 WTD 深至 −1.8 m，退水速率最高 3.5 cm/d,多站,C 论文,—,"Ismail et al. 2021, Hydrology Research 52(6):1372；2026 年 J. Hydrol. Reg. Stud. MIKE SHE 建模",https://iwaponline.com/hr/article/52/6/1372/84954/Water-table-variations-on-different-land-use-units ; https://www.sciencedirect.com/science/article/pii/S2214581826000832,已核实
C4,原位·论文/需申请,Tebing Tinggi 岛堵渠试验测井,印尼,廖内（Kepulauan Meranti）,≈0.9,≈102.7,区域近似,排水泥炭地 / 堵渠恢复区,见原文,见原文,3 条横断面上的测井，距渠 1/51/101/201 m,8 口测井,C 论文,—,"Sutikno et al. 2020, IOP Conf. Ser. MSE 933",https://iopscience.iop.org/article/10.1088/1757-899X/933/1/012052,已核实
C5,原位·论文/需申请,东加里曼丹未排水泥炭沼泽林（CO2/CH4 + 河流 DOC）,印尼,东加里曼丹,见原文,见原文,—,未排水 PSF,2022-10 至 2023-09,见原文,WTD 与通量同步观测,见原文,C 论文,—,"Asyhari et al. 2024, Scientific Reports",https://doi.org/10.1038/s41598-024-62233-6,已核实
C6,原位·论文/需申请,砂拉越次生泥炭林 → 油棕转换 EC 站,马来西亚,砂拉越（Sri Aman 省）,见原文,见原文,—,次生 PSF，后转为油棕,2010 起；9 年 CO2 通量,半小时,EC + 地下水位,1 塔,C 论文（Sarawak TROPI/北海道大学）,—,"Kiew et al. 2018, AFM；Kiew et al. 2025, AFM；Hirano et al. 2025, AGU Advances",https://www.sciencedirect.com/science/article/abs/pii/S0168192317303428 ; https://www.sciencedirect.com/science/article/abs/pii/S0168192325005751 ; https://doi.org/10.1029/2025AV001861,已核实
C7,原位·论文/需申请,砂拉越泥炭汇水区 4 站（MA–MD）,马来西亚,砂拉越,见原文,见原文,—,泥炭沼泽汇水区,2011–2015,月（分析尺度）,水位 + 降水,4 站,C 论文,—,"Aeries & Katimon et al. 2023, ASET（UniMAP）",https://ejournal.unimap.edu.my/index.php/aset/article/view/331,已核实
C8,原位·论文/需申请,北雪兰莪泥炭沼泽林地下水位监测,马来西亚,雪兰莪（North Selangor PSF / Raja Musa）,≈3.7,≈101.3,区域近似,PSF / 退化林,2013-12 至 2016-12,月（人工）,人工测井,见原文,C 论文,—,Lo & Parish 2022,https://www.corpuspublishers.com/assets/articles/aart-v3-22-1029.pdf,已核实
C9,原位·论文/需申请,北雪兰莪 4 类泥炭状况（相机 + 测井）,马来西亚,雪兰莪,≈3.7,≈101.3,区域近似,退化林、火烧灌丛、恢复林、小农户油棕,见原文,亚日（相机）,延时相机 + 沉降杆,多站,C 论文,—,"Ledger et al. 2023, Front. Environ. Sci.",https://doi.org/10.3389/fenvs.2023.1182100,已核实
C10,原位·论文/需申请,中加里曼丹泥炭相机系统（地表运动 + WTD）,印尼,中加里曼丹,见原文,见原文,—,森林、火烧迹地、农地、油棕,约 2 年,亚日,低成本延时相机；WTD 精度与压力传感器相当,4 类土地覆盖,C 论文,—,"Evans et al. 2021, Front. Environ. Sci.",https://doi.org/10.3389/fenvs.2021.630752,已核实
C11,原位·论文/需申请,南苏门答腊 + 中加里曼丹延时相机（泥炭运动与 WTD）,印尼,南苏门答腊；中加里曼丹,见原文,见原文,—,4 种土地覆盖,约 1 年,每 2 小时（与水位记录仪同步）,相机 + 水位记录仪（R² 0.74–0.95）,4 站,C 论文,—,IOP Conf. Ser. EES 1025 (2022)；另见 IOP EES 1421 (2024)（森林 vs 火烧迹地）,https://iopscience.iop.org/article/10.1088/1755-1315/1025/1/012011 ; https://iopscience.iop.org/article/10.1088/1755-1315/1421/1/012005,已核实
C12,原位·论文/需申请,Badas 泥炭穹：火烧 vs 完整 PSF,文莱,Belait（Badas）,≈4.6,≈114.4,区域近似,火烧迹地 / 完整 PSF / 受扰动泥炭,见原文,见原文,测井 / 测压管,见原文,C 论文,—,"Lupascu et al. 2020, GCB；Mires and Peat（Badas 地下水监测）",https://doi.org/10.1111/gcb.15195 ; https://www.mires-and-peat.net/article/128750-groundwater-monitoring-geophysical-and-hydrochemical-assessment-of-highly-disturbed-peat-deposits-at-badas-brunei-darussalam.pdf,已核实
C13,原位·论文/需申请,Mendaram 测井 + IMERG 降水参数化,文莱,Belait,4.367,114.350,同 A1,未排水 PSF,见原文,自记,4 口 Levelogger 测井,4,B/C（原始数据见 A1）,https://doi.org/10.1594/PANGAEA.908215,Hydrological Processes 2025（hyp.70209）,https://doi.org/10.1002/hyp.70209,已核实
C14,原位·论文/需申请,Pekan（彭亨）堵渠恢复区测井,马来西亚,彭亨 Pahang,≈3.3,≈103.3,区域近似,排水 / 堵渠 PSF,约 2010 年代中期,月,PVC 简易测井（人工）,112 根测管 + 16 个渠道水尺,C 会议摘要,—,IPC 2016 摘要 A-065,https://peatlands.org/assets/uploads/2019/06/ipc16p467-471a065kasih.simon_.etal_.pdf,时段为约数
D1,汇编/格网产品,东南亚林地泥炭 WTD 图（IMERG 驱动，约 25 年逐日）,东南亚,区域,格网,格网,格网分辨率 10 km,未排水 PSF（模型）,约 2000–2025,日,由 4 个区域未排水 PSF 测井记录率定（测井最远距大渠 2200 m）,—,A 公开（Mendeley Data）,https://doi.org/10.17632/69mbg22fxf,"Hooijer & Vernimmen 2026, Scientific Reports 16:26515",https://doi.org/10.1038/s41598-026-64641-2,已核实
D2,汇编/格网产品,PEATCLSM_Trop（天然/排水热带泥炭陆面模型输出）,泛热带（含东南亚）,区域,格网,格网,格网分辨率 9 km,天然 + 排水泥炭,见数据集,日,用站点水位与 EC 蒸散评估；站点清单见原文,—,A 公开（Zenodo）,https://doi.org/10.5281/zenodo.6011689,"Apers et al. 2022, JAMES",https://doi.org/10.1029/2021MS002784,站点表未能打开全文核对
D3,汇编/格网产品,OPTRAM 遥感反演 WTD（Landsat）,马来西亚、印尼、秘鲁,砂拉越；中加里曼丹,见原文,见原文,—,排水/未排水/退化/转换,见原文,Landsat 重访,用 6 个站点原位 WTD 验证,6 站,C 论文,—,"Koupaei-Abyazani et al. 2024, JGR-Biogeosciences",https://doi.org/10.1029/2024JG008116,已核实
D4,汇编/格网产品,GSMaP 驱动的区域地下水位图 + CO2/CH4 排放,东南亚,约 18 万 km² 泥炭,格网,格网,—,多土地利用,见原文,月,用 Palangkaraya 与砂拉越站点率定,—,C 论文（见 SI）,—,"Hirano et al. 2025, AGU Advances；Cochrane et al. 2026, AGU Advances",https://doi.org/10.1029/2025AV001861 ; https://doi.org/10.1029/2025AV002260,已核实
D5,汇编/格网产品,东南亚 16 个 EC 站综合（112 站年，含泥炭站）,东南亚,—,见原文,见原文,—,原始林 → 次生林 → 种植园,多年,半小时,通量综合（WTD 不一定都有）,16 站,C 论文,—,"Hanggara et al. 2026, GCB",https://doi.org/10.1111/gcb.70753,已核实
D6,汇编/格网产品,印尼泥炭统一数据集 v0.1（+ EPIC 模拟月 WTD 2001–2010）,印尼,全国,格网,格网,格网分辨率 0.25°,泥炭类型 / 模拟 WTD,2001–2010（模拟）,月,模型输出，不是观测,—,A 公开（Zenodo）,https://zenodo.org/records/6998052,IIASA（Balkovič 等）,https://pure.iiasa.ac.at/id/eprint/18393/,WTD 模拟结果所在的具体 Zenodo 条目待核实
D7,汇编/格网产品,热带泥炭排水与 CO2/N2O 的 meta 分析（站点平均 WTD）,泛热带（以东南亚为主）,—,见补充材料,见补充材料,—,多土地利用,文献汇编,站点平均,来自文献,多站,A/C（补充材料）,—,"Prananto et al. 2020, GCB",https://doi.org/10.1111/gcb.15147,已核实
D8,汇编/格网产品,SMAP 泥炭土壤湿度神经网络（WTD 代理变量）,东南亚,—,格网,格网,格网分辨率 9–36 km,—,2015 起,日,土壤湿度，不是 WTD,—,A 公开（Zenodo 代码与数据）,https://zenodo.org/records/6740137,"Dadap et al. 2022, ERL",https://doi.org/10.1088/1748-9326/ac7969,已核实
