Area,95%lower
1106.749866,-0.0230167
2193.971906,0.011598562
2924.936637,0.034669772
3372.253317,0.04870763
3656.52295,0.057596669
3970.360669,0.067381278
6345.539526,0.140434813
6597.347771,0.14807528
9142.042761,0.224146834
10910.1681,0.275767842
10962.91628,0.277292144
11126.79021,0.282021904
11409.01421,0.290146848
11567.55504,0.294699602
12806.29847,0.329987294
13476.0983,0.348856892
14602.03326,0.380242639
15001.12857,0.391266875
18301.41092,0.480412526
20214.30684,0.530440549
20397.80151,0.53517655
21941.87381,0.574595472
22220.18621,0.581618469
22882.55372,0.598232537
24169.88923,0.630121102
26410.09822,0.684365199
26988.39504,0.698114166
27060.08158,0.699811331
34038.71573,0.857703194
37077.15222,0.922147802
