start,Finish,erosion area_oil palm plantation (㎡),oil palm plantation (m),erosion area_peat swamp forest (㎡),peat swamp forest  (m),erosion area_mangrove (㎡),mangrove (m)
5-Jan-18,17-Jan-18,-38,-5.301339286,-69,-5.73089701,-17,-3.657487091
10-Jan-18,22-Jan-18,-9,-1.255580357,8,0.664451827,1,0.215146299
11-Jan-18,23-Jan-18,12,1.674107143,49,4.069767442,18,3.872633391
17-Jan-18,29-Jan-18,-3,-0.418526786,0,0,2,0.430292599
22-Jan-18,3-Feb-18,-8,-1.116071429,-9,-0.747508306,-4,-0.860585198
23-Jan-18,4-Feb-18,-13,-1.813616071,1,0.083056478,7,1.506024096
29-Jan-18,10-Feb-18,54,7.533482143,6,0.49833887,8,1.721170396
3-Feb-18,15-Feb-18,-18,-2.511160714,-37,-3.073089701,-11,-2.366609294
4-Feb-18,16-Feb-18,-84,-11.71875,-115,-9.551495017,-27,-5.808950086
10-Feb-18,22-Feb-18,1,0.139508929,40,3.322259136,-14,-3.012048193
15-Feb-18,27-Feb-18,-4,-0.558035714,1,0.083056478,0,0
16-Feb-18,28-Feb-18,-43,-5.998883929,-29,-2.408637874,-25,-5.378657487
22-Feb-18,6-Mar-18,-14,-1.953125,0,0,17,3.657487091
27-Feb-18,11-Mar-18,44,6.138392857,23,1.910299003,4,0.860585198
28-Feb-18,12-Mar-18,2,0.279017857,3,0.249169435,6,1.290877797
6-Mar-18,18-Mar-18,-28,-3.90625,-88,-7.3089701,-32,-6.884681583
11-Mar-18,23-Mar-18,1,0.139508929,37,3.073089701,19,4.08777969
12-Mar-18,24-Mar-18,2,0.279017857,33,2.740863787,10,2.151462995
18-Mar-18,30-Mar-18,39,5.440848214,33,2.740863787,-15,-3.227194492
23-Mar-18,4-Apr-18,9,1.255580357,-12,-0.996677741,2,0.430292599
24-Mar-18,5-Apr-18,41,5.719866071,41,3.405315615,2,0.430292599
30-Mar-18,11-Apr-18,2,0.279017857,11,0.913621262,14,3.012048193
4-Apr-18,16-Apr-18,-20,-2.790178571,-25,-2.07641196,-35,-7.530120482
5-Apr-18,17-Apr-18,-23,-3.208705357,-34,-2.823920266,16,3.442340792
11-Apr-18,23-Apr-18,3,0.418526786,58,4.817275748,35,7.530120482
16-Apr-18,28-Apr-18,-2,-0.279017857,-14,-1.162790698,-1,-0.215146299
17-Apr-18,29-Apr-18,-34,-4.743303571,-38,-3.156146179,-44,-9.466437177
23-Apr-18,5-May-18,-9,-1.255580357,-16,-1.328903654,-12,-2.581755594
28-Apr-18,10-May-18,8,1.116071429,4,0.332225914,29,6.239242685
29-Apr-18,11-May-18,-17,-2.371651786,-21,-1.744186047,-11,-2.366609294
5-May-18,17-May-18,-23,-3.208705357,-32,-2.657807309,-18,-3.872633391
10-May-18,22-May-18,17,2.371651786,34,2.823920266,18,3.872633391
11-May-18,23-May-18,40,5.580357143,47,3.903654485,40,8.605851979
17-May-18,29-May-18,-1,-0.139508929,-7,-0.581395349,-28,-6.024096386
22-May-18,3-Jun-18,-17,-2.371651786,-32,-2.657807309,-18,-3.872633391
23-May-18,4-Jun-18,-1,-0.139508929,-2,-0.166112957,-7,-1.506024096
29-May-18,10-Jun-18,-2,-0.279017857,2,0.166112957,0,0
3-Jun-18,15-Jun-18,-10,-1.395089286,-18,-1.495016611,1,0.215146299
4-Jun-18,16-Jun-18,32,4.464285714,65,5.398671096,28,6.024096386
10-Jun-18,22-Jun-18,3,0.418526786,16,1.328903654,22,4.733218589
15-Jun-18,27-Jun-18,-5,-0.697544643,0,0,-12,-2.581755594
16-Jun-18,28-Jun-18,-59,-8.231026786,-94,-7.80730897,-37,-7.960413081
22-Jun-18,4-Jul-18,23,3.208705357,52,4.318936877,41,8.820998279
27-Jun-18,9-Jul-18,0,0,0,0,-6,-1.290877797
28-Jun-18,10-Jul-18,1,0.139508929,-11,-0.913621262,-6,-1.290877797
4-Jul-18,16-Jul-18,-16,-2.232142857,-50,-4.15282392,4,0.860585198
9-Jul-18,21-Jul-18,3,0.418526786,27,2.242524917,9,1.936316695
10-Jul-18,22-Jul-18,6,0.837053571,12,0.996677741,10,2.151462995
16-Jul-18,28-Jul-18,-14,-1.953125,-20,-1.661129568,-62,-13.33907057
21-Jul-18,2-Aug-18,22,3.069196429,45,3.737541528,42,9.036144578
22-Jul-18,3-Aug-18,22,3.069196429,30,2.491694352,2,0.430292599
28-Jul-18,9-Aug-18,-4,-0.558035714,-1,-0.083056478,2,0.430292599
2-Aug-18,14-Aug-18,-18,-2.511160714,-44,-3.65448505,-7,-1.506024096
3-Aug-18,15-Aug-18,26,3.627232143,31,2.574750831,26,5.593803787
9-Aug-18,21-Aug-18,2,0.279017857,-1,-0.083056478,7,1.506024096
14-Aug-18,26-Aug-18,-9,-1.255580357,-26,-2.159468439,-51,-10.97246127
15-Aug-18,27-Aug-18,-71,-9.905133929,-75,-6.22923588,-34,-7.314974182
21-Aug-18,2-Sep-18,29,4.045758929,49,4.069767442,36,7.745266781
26-Aug-18,7-Sep-18,-6,-0.837053571,2,0.166112957,6,1.290877797
27-Aug-18,8-Sep-18,-22,-3.069196429,-31,-2.574750831,-7,-1.506024096
2-Sep-18,14-Sep-18,5,0.697544643,24,1.993355482,15,3.227194492
7-Sep-18,19-Sep-18,5,0.697544643,-2,-0.166112957,-4,-0.860585198
8-Sep-18,20-Sep-18,34,4.743303571,59,4.900332226,28,6.024096386
14-Sep-18,26-Sep-18,-22,-3.069196429,-65,-5.398671096,-44,-9.466437177
19-Sep-18,1-Oct-18,11,1.534598214,36,2.990033223,29,6.239242685
20-Sep-18,2-Oct-18,14,1.953125,38,3.156146179,11,2.366609294
26-Sep-18,8-Oct-18,-8,-1.116071429,-14,-1.162790698,-9,-1.936316695
1-Oct-18,13-Oct-18,3,0.418526786,-6,-0.49833887,9,1.936316695
2-Oct-18,20-Oct-18,-94,-13.11383929,-101,-8.388704319,-52,-11.18760757
8-Oct-18,25-Oct-18,2,0.279017857,-1,-0.083056478,11,2.366609294
13-Oct-18,26-Oct-18,7,0.9765625,0,0,-13,-2.796901893
20-Oct-18,1-Nov-18,11,1.534598214,25,2.07641196,15,3.227194492
25-Oct-18,6-Nov-18,7,0.9765625,43,3.571428571,-6,-1.290877797
26-Oct-18,7-Nov-18,-1,-0.139508929,26,2.159468439,-9,-1.936316695
1-Nov-18,13-Nov-18,14,1.953125,30,2.491694352,17,3.657487091
6-Nov-18,18-Nov-18,-5,-0.697544643,-1,-0.083056478,2,0.430292599
7-Nov-18,19-Nov-18,-1,-0.139508929,-3,-0.249169435,3,0.645438898
13-Nov-18,25-Nov-18,-14,-1.953125,-43,-3.571428571,-14,-3.012048193
18-Nov-18,30-Nov-18,3,0.418526786,12,0.996677741,6,1.290877797
19-Nov-18,1-Dec-18,-2,-0.279017857,-26,-2.159468439,9,1.936316695
25-Nov-18,7-Dec-18,-9,-1.255580357,-24,-1.993355482,-7,-1.506024096
30-Nov-18,12-Dec-18,-5,-0.697544643,6,0.49833887,6,1.290877797
1-Dec-18,13-Dec-18,40,5.580357143,71,5.897009967,14,3.012048193
7-Dec-18,19-Dec-18,-2,-0.279017857,-6,-0.49833887,-1,-0.215146299
12-Dec-18,24-Dec-18,-15,-2.092633929,-21,-1.744186047,0,0
13-Dec-18,25-Dec-18,-19,-2.650669643,-53,-4.401993355,-13,-2.796901893
19-Dec-18,31-Dec-18,-1,-0.139508929,23,1.910299003,0,0
24-Dec-18,5-Jan-19,-12,-1.674107143,-10,-0.830564784,-22,-4.733218589
25-Dec-18,6-Jan-19,-86,-11.99776786,-90,-7.475083056,-44,-9.466437177
31-Dec-18,12-Jan-19,-17,-2.371651786,-11,-0.913621262,-1,-0.215146299
5-Jan-19,17-Jan-19,3,0.418526786,6,0.49833887,-1,-0.215146299
6-Jan-19,18-Jan-19,-22,-3.069196429,-14,-1.162790698,6,1.290877797
12-Jan-19,24-Jan-19,10,1.395089286,4,0.332225914,13,2.796901893
17-Jan-19,29-Jan-19,-8,-1.116071429,5,0.415282392,4,0.860585198
18-Jan-19,30-Jan-19,-25,-3.487723214,-1,-0.083056478,-16,-3.442340792
24-Jan-19,5-Feb-19,-58,-8.091517857,-62,-5.149501661,-25,-5.378657487
29-Jan-19,10-Feb-19,2,0.279017857,10,0.830564784,2,0.430292599
30-Jan-19,11-Feb-19,46,6.417410714,58,4.817275748,23,4.948364888
5-Feb-19,17-Feb-19,-2,-0.279017857,-13,-1.079734219,-10,-2.151462995
10-Feb-19,22-Feb-19,-12,-1.674107143,4,0.332225914,12,2.581755594
11-Feb-19,23-Feb-19,-3,-0.418526786,-22,-1.827242525,18,3.872633391
17-Feb-19,1-Mar-19,-1,-0.139508929,8,0.664451827,1,0.215146299
22-Feb-19,6-Mar-19,-12,-1.674107143,-33,-2.740863787,-25,-5.378657487
23-Feb-19,7-Mar-19,-55,-7.672991071,-53,-4.401993355,-9,-1.936316695
1-Mar-19,13-Mar-19,9,1.255580357,44,3.65448505,25,5.378657487
6-Mar-19,18-Mar-19,-4,-0.558035714,-2,-0.166112957,3,0.645438898
7-Mar-19,19-Mar-19,-35,-4.8828125,-32,-2.657807309,-36,-7.745266781
13-Mar-19,25-Mar-19,-11,-1.534598214,-11,-0.913621262,-10,-2.151462995
18-Mar-19,30-Mar-19,0,0,17,1.411960133,11,2.366609294
19-Mar-19,31-Mar-19,0,0,6,0.49833887,5,1.075731497
25-Mar-19,6-Apr-19,-26,-3.627232143,-71,-5.897009967,-36,-7.745266781
30-Mar-19,11-Apr-19,12,1.674107143,31,2.574750831,13,2.796901893
31-Mar-19,12-Apr-19,3,0.418526786,12,0.996677741,10,2.151462995
6-Apr-19,23-Apr-19,13,1.813616071,31,2.574750831,17,3.657487091
11-Apr-19,24-Apr-19,18,2.511160714,-11,-0.913621262,-6,-1.290877797
12-Apr-19,30-Apr-19,-35,-4.8828125,-29,-2.408637874,-12,-2.581755594
23-Apr-19,5-May-19,-8,-1.116071429,-22,-1.827242525,-12,-2.581755594
24-Apr-19,6-May-19,13,1.813616071,28,2.325581395,1,0.215146299
30-Apr-19,12-May-19,11,1.534598214,26,2.159468439,8,1.721170396
5-May-19,17-May-19,-2,-0.279017857,-4,-0.332225914,-4,-0.860585198
6-May-19,18-May-19,-37,-5.161830357,-47,-3.903654485,-1,-0.215146299
12-May-19,24-May-19,3,0.418526786,-2,-0.166112957,7,1.506024096
17-May-19,29-May-19,-3,-0.418526786,-2,-0.166112957,0,0
18-May-19,30-May-19,7,0.9765625,9,0.747508306,-2,-0.430292599
24-May-19,5-Jun-19,-22,-3.069196429,-48,-3.986710963,-10,-2.151462995
29-May-19,10-Jun-19,24,3.348214286,46,3.820598007,10,2.151462995
30-May-19,11-Jun-19,7,0.9765625,32,2.657807309,20,4.30292599
5-Jun-19,17-Jun-19,6,0.837053571,4,0.332225914,-11,-2.366609294
10-Jun-19,22-Jun-19,-11,-1.534598214,-28,-2.325581395,-5,-1.075731497
11-Jun-19,23-Jun-19,-11,-1.534598214,-29,-2.408637874,-19,-4.08777969
17-Jun-19,29-Jun-19,-4,-0.558035714,7,0.581395349,-3,-0.645438898
22-Jun-19,4-Jul-19,-11,-1.534598214,-45,-3.737541528,-6,-1.290877797
23-Jun-19,11-Jul-19,-39,-5.440848214,-32,-2.657807309,-18,-3.872633391
29-Jun-19,16-Jul-19,1,0.139508929,-15,-1.245847176,-5,-1.075731497
4-Jul-19,17-Jul-19,26,3.627232143,65,5.398671096,18,3.872633391
11-Jul-19,23-Jul-19,20,2.790178571,49,4.069767442,4,0.860585198
16-Jul-19,28-Jul-19,9,1.255580357,9,0.747508306,6,1.290877797
17-Jul-19,29-Jul-19,-17,-2.371651786,-17,-1.411960133,-12,-2.581755594
23-Jul-19,4-Aug-19,-12,-1.674107143,-46,-3.820598007,-9,-1.936316695
28-Jul-19,9-Aug-19,-1,-0.139508929,9,0.747508306,-1,-0.215146299
29-Jul-19,10-Aug-19,6,0.837053571,2,0.166112957,0,0
4-Aug-19,16-Aug-19,-26,-3.627232143,-19,-1.57807309,-5,-1.075731497
9-Aug-19,21-Aug-19,24,3.348214286,41,3.405315615,10,2.151462995
10-Aug-19,22-Aug-19,27,3.766741071,54,4.485049834,7,1.506024096
16-Aug-19,28-Aug-19,7,0.9765625,8,0.664451827,2,0.430292599
21-Aug-19,2-Sep-19,-16,-2.232142857,-33,-2.740863787,6,1.290877797
22-Aug-19,3-Sep-19,23,3.208705357,41,3.405315615,39,8.39070568
28-Aug-19,9-Sep-19,10,1.395089286,-3,-0.249169435,-2,-0.430292599
2-Sep-19,14-Sep-19,0,0,-7,-0.581395349,-4,-0.860585198
3-Sep-19,15-Sep-19,-57,-7.952008929,-131,-10.88039867,-54,-11.61790017
9-Sep-19,21-Sep-19,0,0,51,4.235880399,11,2.366609294
14-Sep-19,26-Sep-19,4,0.558035714,-13,-1.079734219,-3,-0.645438898
15-Sep-19,27-Sep-19,-3,-0.418526786,-4,-0.332225914,3,0.645438898
21-Sep-19,3-Oct-19,1,0.139508929,57,4.734219269,11,2.366609294
26-Sep-19,8-Oct-19,9,1.255580357,6,0.49833887,-1,-0.215146299
27-Sep-19,9-Oct-19,0,0,1,0.083056478,-9,-1.936316695
3-Oct-19,15-Oct-19,-18,-2.511160714,-81,-6.727574751,-11,-2.366609294
8-Oct-19,20-Oct-19,60,8.370535714,23,1.910299003,8,1.721170396
9-Oct-19,21-Oct-19,3,0.418526786,86,7.142857143,34,7.314974182
15-Oct-19,27-Oct-19,0,0,-5,-0.415282392,-3,-0.645438898
20-Oct-19,1-Nov-19,25,3.487723214,7,0.581395349,0,0
21-Oct-19,2-Nov-19,-13,-1.813616071,16,1.328903654,-10,-2.151462995
27-Oct-19,8-Nov-19,-1,-0.139508929,2,0.166112957,6,1.290877797
1-Nov-19,13-Nov-19,-12,-1.674107143,-15,-1.245847176,-11,-2.366609294
2-Nov-19,14-Nov-19,-57,-7.952008929,-105,-8.720930233,-18,-3.872633391
8-Nov-19,20-Nov-19,6,0.837053571,12,0.996677741,12,2.581755594
13-Nov-19,25-Nov-19,0,0,6,0.49833887,4,0.860585198
14-Nov-19,26-Nov-19,-22,-3.069196429,-34,-2.823920266,-15,-3.227194492
20-Nov-19,2-Dec-19,-7,-0.9765625,-1,-0.083056478,5,1.075731497
25-Nov-19,7-Dec-19,10,1.395089286,9,0.747508306,0,0
26-Nov-19,8-Dec-19,-7,-0.9765625,11,0.913621262,-13,-2.796901893
2-Dec-19,14-Dec-19,-12,-1.674107143,-10,-0.830564784,-2,-0.430292599
7-Dec-19,19-Dec-19,0,0,2,0.166112957,13,2.796901893
8-Dec-19,20-Dec-19,-11,-1.534598214,11,0.913621262,2,0.430292599
14-Dec-19,26-Dec-19,-11,-1.534598214,-36,-2.990033223,-11,-2.366609294
19-Dec-19,31-Dec-19,7,0.9765625,1,0.083056478,-9,-1.936316695
20-Dec-19,1-Jan-20,-18,-2.511160714,31,2.574750831,12,2.581755594
26-Dec-19,7-Jan-20,-1,-0.139508929,0,0,3,0.645438898
31-Dec-19,12-Jan-20,10,1.395089286,-18,-1.495016611,-8,-1.721170396
1-Jan-20,13-Jan-20,-18,-2.511160714,7,0.581395349,18,3.872633391
7-Jan-20,19-Jan-20,-10,-1.395089286,7,0.581395349,3,0.645438898
12-Jan-20,24-Jan-20,-7,-0.9765625,-7,-0.581395349,-5,-1.075731497
13-Jan-20,25-Jan-20,-57,-7.952008929,-85,-7.059800664,-50,-10.75731497
19-Jan-20,31-Jan-20,9,1.255580357,51,4.235880399,10,2.151462995
24-Jan-20,5-Feb-20,4,0.558035714,13,1.079734219,-1,-0.215146299
25-Jan-20,6-Feb-20,-5,-0.697544643,8,0.664451827,-3,-0.645438898
31-Jan-20,12-Feb-20,-20,-2.790178571,-16,-1.328903654,11,2.366609294
5-Feb-20,17-Feb-20,-16,-2.232142857,-1,-0.083056478,2,0.430292599
6-Feb-20,18-Feb-20,-25,-3.487723214,-13,-1.079734219,7,1.506024096
12-Feb-20,24-Feb-20,-16,-2.232142857,-43,-3.571428571,-14,-3.012048193
17-Feb-20,29-Feb-20,1,0.139508929,2,0.166112957,0,0
18-Feb-20,1-Mar-20,-14,-1.953125,19,1.57807309,2,0.430292599
24-Feb-20,7-Mar-20,0,0,-6,-0.49833887,0,0
29-Feb-20,12-Mar-20,5,0.697544643,-15,-1.245847176,-2,-0.430292599
1-Mar-20,13-Mar-20,3,0.418526786,25,2.07641196,16,3.442340792
7-Mar-20,19-Mar-20,-2,-0.279017857,7,0.581395349,7,1.506024096
12-Mar-20,24-Mar-20,-9,-1.255580357,-13,-1.079734219,-8,-1.721170396
13-Mar-20,25-Mar-20,-40,-5.580357143,-44,-3.65448505,-43,-9.251290878
19-Mar-20,31-Mar-20,2,0.279017857,32,2.657807309,6,1.290877797
24-Mar-20,5-Apr-20,6,0.837053571,-4,-0.332225914,-2,-0.430292599
25-Mar-20,6-Apr-20,-9,-1.255580357,-16,-1.328903654,12,2.581755594
31-Mar-20,12-Apr-20,-4,-0.558035714,9,0.747508306,2,0.430292599
5-Apr-20,17-Apr-20,-4,-0.558035714,11,0.913621262,-11,-2.366609294
6-Apr-20,18-Apr-20,-14,-1.953125,-31,-2.574750831,-12,-2.581755594
12-Apr-20,24-Apr-20,-9,-1.255580357,-44,-3.65448505,-8,-1.721170396
17-Apr-20,29-Apr-20,27,3.766741071,19,1.57807309,10,2.151462995
18-Apr-20,30-Apr-20,1,0.139508929,51,4.235880399,19,4.08777969
24-Apr-20,6-May-20,4,0.558035714,0,0,-5,-1.075731497
29-Apr-20,11-May-20,13,1.813616071,-14,-1.162790698,-7,-1.506024096
30-Apr-20,12-May-20,-7,-0.9765625,17,1.411960133,16,3.442340792
6-May-20,18-May-20,-1,-0.139508929,-3,-0.249169435,0,0
11-May-20,23-May-20,-4,-0.558035714,-11,-0.913621262,-7,-1.506024096
12-May-20,24-May-20,-16,-2.232142857,-21,-1.744186047,-17,-3.657487091
18-May-20,30-May-20,1,0.139508929,10,0.830564784,2,0.430292599
23-May-20,4-Jun-20,2,0.279017857,-2,-0.166112957,4,0.860585198
24-May-20,5-Jun-20,9,1.255580357,-4,-0.332225914,-11,-2.366609294
30-May-20,11-Jun-20,-1,-0.139508929,17,1.411960133,20,4.30292599
4-Jun-20,16-Jun-20,8,1.116071429,1,0.083056478,-6,-1.290877797
5-Jun-20,17-Jun-20,-13,-1.813616071,-9,-0.747508306,17,3.657487091
11-Jun-20,23-Jun-20,-3,-0.418526786,-32,-2.657807309,-22,-4.733218589
16-Jun-20,28-Jun-20,5,0.697544643,25,2.07641196,9,1.936316695
17-Jun-20,29-Jun-20,-18,-2.511160714,-2,-0.166112957,-23,-4.948364888
23-Jun-20,10-Jul-20,10,1.395089286,4,0.332225914,1,0.215146299
28-Jun-20,11-Jul-20,6,0.837053571,-2,-0.166112957,2,0.430292599
29-Jun-20,17-Jul-20,3,0.418526786,-3,-0.249169435,5,1.075731497
10-Jul-20,22-Jul-20,66,9.207589286,27,2.242524917,14,3.012048193
11-Jul-20,23-Jul-20,49,6.8359375,-3,-0.249169435,2,0.430292599
17-Jul-20,29-Jul-20,2,0.279017857,21,1.744186047,14,3.012048193
22-Jul-20,3-Aug-20,0,0,5,0.415282392,-2,-0.430292599
23-Jul-20,4-Aug-20,-5,-0.697544643,-2,-0.166112957,-2,-0.430292599
29-Jul-20,10-Aug-20,-33,-4.603794643,-30,-2.491694352,-10,-2.151462995
3-Aug-20,15-Aug-20,-3,-0.418526786,23,1.910299003,8,1.721170396
4-Aug-20,16-Aug-20,2,0.279017857,8,0.664451827,0,0
10-Aug-20,22-Aug-20,-18,-2.511160714,-28,-2.325581395,-16,-3.442340792
15-Aug-20,27-Aug-20,6,0.837053571,4,0.332225914,10,2.151462995
16-Aug-20,28-Aug-20,14,1.953125,-3,-0.249169435,11,2.366609294
22-Aug-20,3-Sep-20,-11,-1.534598214,7,0.581395349,-1,-0.215146299
27-Aug-20,8-Sep-20,-7,-0.9765625,-46,-3.820598007,-22,-4.733218589
28-Aug-20,9-Sep-20,48,6.696428571,44,3.65448505,4,0.860585198
3-Sep-20,15-Sep-20,1,0.139508929,68,5.647840532,29,6.239242685
8-Sep-20,20-Sep-20,-1,-0.139508929,-2,-0.166112957,1,0.215146299
9-Sep-20,21-Sep-20,0,0,-25,-2.07641196,-7,-1.506024096
15-Sep-20,27-Sep-20,-21,-2.9296875,12,0.996677741,-1,-0.215146299
20-Sep-20,2-Oct-20,0,0,1,0.083056478,0,0
21-Sep-20,3-Oct-20,15,2.092633929,-22,-1.827242525,0,0
27-Sep-20,9-Oct-20,-56,-7.8125,-100,-8.305647841,-28,-6.024096386
2-Oct-20,14-Oct-20,-3,-0.418526786,24,1.993355482,3,0.645438898
3-Oct-20,15-Oct-20,-2,-0.279017857,-9,-0.747508306,-12,-2.581755594
9-Oct-20,21-Oct-20,-22,-3.069196429,-9,-0.747508306,-1,-0.215146299
14-Oct-20,26-Oct-20,-2,-0.279017857,5,0.415282392,12,2.581755594
15-Oct-20,27-Oct-20,-7,-0.9765625,-3,-0.249169435,0,0
21-Oct-20,2-Nov-20,-22,-3.069196429,-18,-1.495016611,-13,-2.796901893
26-Oct-20,7-Nov-20,-20,-2.790178571,-47,-3.903654485,-18,-3.872633391
27-Oct-20,8-Nov-20,23,3.208705357,43,3.571428571,8,1.721170396
2-Nov-20,14-Nov-20,-8,-1.116071429,37,3.073089701,19,4.08777969
7-Nov-20,19-Nov-20,3,0.418526786,-13,-1.079734219,-20,-4.30292599
8-Nov-20,20-Nov-20,14,1.953125,-8,-0.664451827,0,0
14-Nov-20,1-Dec-20,66,9.207589286,-3,-0.249169435,20,4.30292599
19-Nov-20,2-Dec-20,48,6.696428571,37,3.073089701,10,2.151462995
20-Nov-20,8-Dec-20,2,0.279017857,23,1.910299003,6,1.290877797
1-Dec-20,13-Dec-20,-31,-4.324776786,-43,-3.571428571,-34,-7.314974182
2-Dec-20,14-Dec-20,-15,-2.092633929,-15,-1.245847176,0,0
8-Dec-20,20-Dec-20,-51,-7.114955357,-36,-2.990033223,-6,-1.290877797
13-Dec-20,25-Dec-20,-12,-1.674107143,16,1.328903654,8,1.721170396
14-Dec-20,26-Dec-20,7,0.9765625,1,0.083056478,-14,-3.012048193
20-Dec-20,1-Jan-21,0,0,-2,-0.166112957,1,0.215146299
25-Dec-20,6-Jan-21,2,0.279017857,-29,-2.408637874,1,0.215146299
26-Dec-20,7-Jan-21,2,0.279017857,24,1.993355482,15,3.227194492
1-Jan-21,13-Jan-21,-13,-1.813616071,6,0.49833887,-5,-1.075731497
6-Jan-21,18-Jan-21,-13,-1.813616071,-45,-3.737541528,-8,-1.721170396
7-Jan-21,19-Jan-21,-30,-4.185267857,8,0.664451827,3,0.645438898
13-Jan-21,25-Jan-21,-66,-9.207589286,-55,-4.568106312,-15,-3.227194492
18-Jan-21,30-Jan-21,17,2.371651786,5,0.415282392,19,4.08777969
19-Jan-21,31-Jan-21,-9,-1.255580357,4,0.332225914,21,4.518072289
25-Jan-21,6-Feb-21,-12,-1.674107143,23,1.910299003,6,1.290877797
30-Jan-21,11-Feb-21,-2,-0.279017857,-8,-0.664451827,-12,-2.581755594
31-Jan-21,12-Feb-21,-50,-6.975446429,-56,-4.651162791,-13,-2.796901893
6-Feb-21,18-Feb-21,-27,-3.766741071,-7,-0.581395349,-8,-1.721170396
11-Feb-21,23-Feb-21,-10,-1.395089286,-3,-0.249169435,-6,-1.290877797
12-Feb-21,24-Feb-21,-41,-5.719866071,-28,-2.325581395,-27,-5.808950086
18-Feb-21,7-Mar-21,7,0.9765625,0,0,10,2.151462995
23-Feb-21,8-Mar-21,-1,-0.139508929,24,1.993355482,6,1.290877797
24-Feb-21,14-Mar-21,-39,-5.440848214,-24,-1.993355482,-7,-1.506024096
7-Mar-21,19-Mar-21,2,0.279017857,-13,-1.079734219,-14,-3.012048193
8-Mar-21,20-Mar-21,-5,-0.697544643,20,1.661129568,15,3.227194492
14-Mar-21,26-Mar-21,2,0.279017857,-2,-0.166112957,0,0
19-Mar-21,31-Mar-21,4,0.558035714,-22,-1.827242525,-13,-2.796901893
20-Mar-21,1-Apr-21,-12,-1.674107143,9,0.747508306,-6,-1.290877797
26-Mar-21,7-Apr-21,-1,-0.139508929,6,0.49833887,7,1.506024096
31-Mar-21,12-Apr-21,8,1.116071429,-21,-1.744186047,-18,-3.872633391
1-Apr-21,13-Apr-21,2,0.279017857,18,1.495016611,8,1.721170396
7-Apr-21,19-Apr-21,-1,-0.139508929,12,0.996677741,2,0.430292599
12-Apr-21,24-Apr-21,-6,-0.837053571,3,0.249169435,0,0
13-Apr-21,1-May-21,-54,-7.533482143,-28,-2.325581395,-24,-5.163511188
19-Apr-21,6-May-21,14,1.953125,-10,-0.830564784,-4,-0.860585198
24-Apr-21,7-May-21,-1,-0.139508929,35,2.906976744,10,2.151462995
1-May-21,13-May-21,-7,-0.9765625,-45,-3.737541528,-15,-3.227194492
6-May-21,18-May-21,17,2.371651786,9,0.747508306,7,1.506024096
7-May-21,19-May-21,0,0,31,2.574750831,11,2.366609294
13-May-21,25-May-21,6,0.837053571,0,0,-2,-0.430292599
18-May-21,30-May-21,1,0.139508929,8,0.664451827,-3,-0.645438898
19-May-21,31-May-21,-17,-2.371651786,-11,-0.913621262,-1,-0.215146299
25-May-21,6-Jun-21,-1,-0.139508929,-3,-0.249169435,6,1.290877797
30-May-21,11-Jun-21,-4,-0.558035714,-28,-2.325581395,-4,-0.860585198
31-May-21,12-Jun-21,7,0.9765625,10,0.830564784,2,0.430292599
6-Jun-21,18-Jun-21,8,1.116071429,39,3.239202658,12,2.581755594
11-Jun-21,23-Jun-21,1,0.139508929,8,0.664451827,-1,-0.215146299
12-Jun-21,24-Jun-21,-14,-1.953125,-46,-3.820598007,0,0
18-Jun-21,30-Jun-21,-6,-0.837053571,20,1.661129568,12,2.581755594
23-Jun-21,5-Jul-21,8,1.116071429,-2,-0.166112957,0,0
24-Jun-21,6-Jul-21,52,7.254464286,2,0.166112957,-17,-3.657487091
30-Jun-21,12-Jul-21,5,0.697544643,-39,-3.239202658,-19,-4.08777969
5-Jul-21,17-Jul-21,30,4.185267857,31,2.574750831,7,1.506024096
6-Jul-21,18-Jul-21,0,0,37,3.073089701,6,1.290877797
12-Jul-21,24-Jul-21,1,0.139508929,-10,-0.830564784,-2,-0.430292599
17-Jul-21,29-Jul-21,13,1.813616071,-4,-0.332225914,6,1.290877797
18-Jul-21,30-Jul-21,-1,-0.139508929,35,2.906976744,31,6.669535284
24-Jul-21,5-Aug-21,-1,-0.139508929,-3,-0.249169435,1,0.215146299
29-Jul-21,10-Aug-21,-16,-2.232142857,-46,-3.820598007,-15,-3.227194492
30-Jul-21,11-Aug-21,-20,-2.790178571,-35,-2.906976744,-27,-5.808950086
5-Aug-21,17-Aug-21,-1,-0.139508929,15,1.245847176,2,0.430292599
10-Aug-21,22-Aug-21,-3,-0.418526786,-1,-0.083056478,2,0.430292599
11-Aug-21,23-Aug-21,-22,-3.069196429,-25,-2.07641196,-11,-2.366609294
17-Aug-21,29-Aug-21,-4,-0.558035714,29,2.408637874,7,1.506024096
22-Aug-21,3-Sep-21,4,0.558035714,-2,-0.166112957,-4,-0.860585198
23-Aug-21,4-Sep-21,-15,-2.092633929,-36,-2.990033223,-15,-3.227194492
29-Aug-21,10-Sep-21,32,4.464285714,9,0.747508306,3,0.645438898
3-Sep-21,16-Sep-21,3,0.418526786,46,3.820598007,11,2.366609294
4-Sep-21,22-Sep-21,-29,-4.045758929,-9,-0.747508306,-17,-3.657487091
10-Sep-21,27-Sep-21,39,5.440848214,-40,-3.322259136,-3,-0.645438898
16-Sep-21,28-Sep-21,-4,-0.558035714,78,6.478405316,38,8.17555938
22-Sep-21,4-Oct-21,41,5.719866071,-4,-0.332225914,0,0
27-Sep-21,9-Oct-21,16,2.232142857,-4,-0.332225914,0,0
28-Sep-21,10-Oct-21,-55,-7.672991071,-16,-1.328903654,-21,-4.518072289
4-Oct-21,16-Oct-21,-3,-0.418526786,-3,-0.249169435,5,1.075731497
9-Oct-21,21-Oct-21,-15,-2.092633929,-8,-0.664451827,-8,-1.721170396
10-Oct-21,22-Oct-21,-30,-4.185267857,-100,-8.305647841,-19,-4.08777969
16-Oct-21,28-Oct-21,4,0.558035714,29,2.408637874,-1,-0.215146299
21-Oct-21,2-Nov-21,-8,-1.116071429,-24,-1.993355482,8,1.721170396
22-Oct-21,3-Nov-21,-8,-1.116071429,-13,-1.079734219,-16,-3.442340792
28-Oct-21,9-Nov-21,-3,-0.418526786,17,1.411960133,3,0.645438898
2-Nov-21,14-Nov-21,1,0.139508929,11,0.913621262,-1,-0.215146299
3-Nov-21,15-Nov-21,-15,-2.092633929,11,0.913621262,1,0.215146299
9-Nov-21,21-Nov-21,-20,-2.790178571,-28,-2.325581395,-1,-0.215146299
14-Nov-21,26-Nov-21,47,6.556919643,18,1.495016611,-3,-0.645438898
15-Nov-21,27-Nov-21,1,0.139508929,51,4.235880399,31,6.669535284
21-Nov-21,3-Dec-21,6,0.837053571,8,0.664451827,4,0.860585198
26-Nov-21,8-Dec-21,10,1.395089286,7,0.581395349,-4,-0.860585198
27-Nov-21,9-Dec-21,-24,-3.348214286,-11,-0.913621262,-18,-3.872633391
3-Dec-21,15-Dec-21,-7,-0.9765625,-22,-1.827242525,-4,-0.860585198
8-Dec-21,20-Dec-21,-7,-0.9765625,-25,-2.07641196,-3,-0.645438898
9-Dec-21,21-Dec-21,,,-75,-6.22923588,-13,-2.796901893
15-Dec-21,27-Dec-21,,,58,4.817275748,9,1.936316695
20-Dec-21,1-Jan-22,,,11,0.913621262,2,0.430292599
21-Dec-21,2-Jan-22,,,-23,-1.910299003,-9,-1.936316695
27-Dec-21,8-Jan-22,,,-14,-1.162790698,0,0
