UTM-N(m),Elevation(m)
175894.7037,8.12529067
175903.0762,8.153166676
175911.0821,8.172364832
175919.4036,8.179330501
175927.3189,8.186249766
175936.8087,8.193192829
175944.9357,8.200223746
175952.682,8.381399097
175960.389,8.337180592
175968.0931,8.435901591
175976.4073,8.439665927
175984.6714,8.443533877
175992.913,8.44741558
176000.7681,8.451218426
176008.9353,8.465938825
176017.1941,8.472269959
176025.6007,8.491496423
176033.9324,8.494823248
176041.6387,8.49816356
176050.1014,8.498470201
176058.4156,8.501636887
176066.3797,8.508465458
176074.9133,8.511823665
176084.6307,8.515195322
176093.3336,8.52222677
176101.88,8.52869748
176110.5026,8.532141614
176110.4474,8.532141614
176118.9664,8.535600089
176143.3768,8.550279301
176152.5819,8.553586195
176161.7196,8.557003606
176170.6069,8.558828377
176180.5228,8.561868646
176189.1132,8.569002386
176198.7406,8.575707067
176207.5407,8.587656576
176216.1079,8.578438541
176224.9643,8.59102605
176234.6494,8.594099793
176244.3653,8.597188001
176252.7447,8.610661685
176261.6642,8.622916631
176270.2067,8.625639964
176280.3604,8.628375027
176288.8043,8.637527487
176297.2734,8.638997425
176306.1233,8.647635635
176315.0891,8.661751801
176323.6454,8.668441009
176331.935,8.669835747
176338.9878,8.658458701
176347.8417,8.673858651
176356.7445,8.675013924
176365.4595,8.677502675
176374.0225,8.669275924
176382.9611,8.666418259
176385.0108,8.666418259
176385.1984,8.666418259
176409.9153,8.675295981
176419.1574,8.665438699
176427.9858,8.671588131
176437.2074,8.674013497
176446.0431,8.681592391
176454.72,8.683381227
176463.3446,8.689129559
176472.4324,8.691280864
176483.4367,8.693423953
176492.4982,8.69195717
176501.4799,8.695504645
176510.1264,8.700284856
176518.8165,8.704448031
176528.1635,8.708599255
176537.4466,8.710664444
176546.2448,8.719167943
176555.0883,8.719184436
176563.6559,8.723383471
176572.0696,8.724130027
176580.3283,8.727471528
176590.0059,8.726935539
176598.7824,8.701625779
176607.3822,8.707480579
176615.7957,8.706314758
176624.4108,8.705999294
176632.8832,8.711068824
176641.7025,8.708508475
176675.8156,8.697747561
176683.7991,8.697108739
176691.6309,8.699024876
176700.3663,8.699497537
176709.0143,8.699987499
176717.588,8.700491223
176726.0504,8.701016805
176733.9592,8.701548791
176742.536,8.702647925
176750.9919,8.703212427
176759.7191,8.703781241
176768.1808,8.704338166
176792.6399,8.706007923
176800.8095,8.706530965
176809.6169,8.70710116
176818.4415,8.707621046
176827.0867,8.708188081
176835.1601,8.708704103
176843.5725,8.709266982
176851.5412,8.709778518
176859.8768,8.710336329
176867.7423,8.710842773
176875.9442,8.711394568
176885.8554,8.711925818
176894.5135,8.712455115
176912.287,8.714045132
176928.6712,8.715105447
176937.1589,8.715612473
176946.0982,8.716187926
176954.7726,8.716631675
176963.4375,8.717056942
176971.9859,8.717465027
176980.731,8.717852006
176989.6496,8.718214844
176998.7133,8.726171709
177007.34,8.719946564
177007.337,8.719946564
177015.8994,8.721926113
177015.8794,8.721926113
177024.7373,8.723957978
177033.8168,8.726235577
177042.6567,8.728645363
177051.6379,8.743047412
177060.4551,8.746084073
177069.345,8.749081088
177077.6944,8.73994702
177086.4115,8.743002846
177095.4391,8.748990694
177104.4221,8.764414489
177113.1356,8.767523952
177121.8375,8.770343224
177130.9331,8.773439863
177139.8904,8.776528962
177148.7734,8.642888494
177157.4579,8.591305253
177175.1108,8.593687785
177175.1107,8.593687785
177183.7614,8.615317494
177191.2622,8.71260938
177201.1529,8.716708331
177210.769,8.704938395
177219.6155,8.717916224
177228.2413,8.71824599
177236.8406,8.673612976
177245.593,8.592317646
177254.3592,8.457183115
177263.3259,8.014168661
177271.6373,7.819104832
177280.9688,7.686667763
177289.7824,7.634526503
177298.8968,7.594762197
177307.7853,7.598982421
177316.8684,7.600919319
177325.4277,7.608415444
177334.1581,7.620491008
177342.6422,7.630992593
177351.1804,7.637860263
177360.5942,7.655929581
177369.6137,7.655971992
177377.9699,7.659169237
177386.853,7.674555646
177395.7686,7.690261279
177404.6486,7.711872357
177413.3474,7.563219718
177421.9035,7.599291834
177426.3281,7.521223206
177433.4367,7.626486954
177436.7015,7.626486954
