year,month,maximum wind speed(m/s)_Selatbaru,maximum wind speed (m/s)_Perapat Tunggal,Cumulative precipitation (mm/month)_Selatbaru,Cumulative precipitation (mm/month)_Perapat Tunggal
2018,1,8.64,4.43,210.1,101.9
2018,2,11.08,3.47,42.1,34.8
2018,3,6.96,2.5,229.8,295.5
2018,4,5.91,2.52,103.1,119.5
2018,5,3.87,2.61,132.5,294.4
2018,6,3.54,2.5,147.2,77.9
2018,7,4.39,3.21,176,191.6
2018,8,4.2,2.81,113.2,206.2
2018,9,3.78,2.62,120,96.6
2018,10,4.93,3.25,317.6,379.6
2018,11,6.8,4.52,217.3,292.3
2018,12,5.21,3.43,251.4,260.2
2019,1,9.62,4.66,102.8,123.2
2019,2,7.52,7.72,43.5,37.8
2019,3,6,2.36,68.3,167.8
2019,4,4.34,2.47,112.3,219.9
2019,5,6.15,3.74,236.7,181.8
2019,6,4.22,3.62,188.8,73.1
2019,7,5.1,3.34,N/A,122.3
2019,8,5.7,3.23,N/A,121.9
2019,9,3.54,2.53,N/A,116.4
2019,10,,2.25,N/A,296
2019,11,6.13,2.77,N/A,277
2019,12,6.02,3.03,N/A,83.1
2020,1,8.52,2.48,N/A,286.2
2020,2,10.38,3.18,N/A,46.6
2020,3,7.07,2.77,N/A,127.6
2020,4,5.89,2.01,242.3,226.9
2020,5,3.69,2.65,332.4,305.3
2020,6,4.74,3.42,245.3,145.7
2020,7,4.09,2.77,231.1,315
2020,8,4.15,2.93,173.9,100.6
2020,9,4.01,3.22,243.2,169.9
2020,10,4.12,8.41,210.9,174.2
2020,11,5.53,9.45,305.9,330.3
2020,12,6.66,3.39,210.6,198.6
2021,1,12.12,3.07,89,18.9
2021,2,10.26,5.1,8,3.2
2021,3,6.58,2.65,173.3,237.4
2021,4,4.42,3.35,268.4,166.6
2021,5,4.18,2.56,185.6,278.9
2021,6,4.12,2.92,227.8,104.4
2021,7,3.57,2.69,170.3,216.1
2021,8,3.61,2.85,182.9,142.7
2021,9,4.71,2.73,272.6,172.5
2021,10,4.54,2.71,154.8,238.2
2021,11,4.19,15.32,279.9,278.8
2021,12,7.54,4.22,164.7,393.8
