depth(m),dry density(g/cm3),carbon density(g/cm3),moisture content(%)
0.01,0.1910315,0.106901227,74.1406045
0.25,0.171125385,0.092099682,75.5121562
0.41,0.183045,0.101809629,82.0476608
0.8,0.106308667,0.059660424,87.0928551
0.95,0.083719167,0.046572972,85.8991976
1.25,0.079663,0.043918212,90.2189541
1.5,0.072979444,0.04072253,89.435713
1.8,0.076442,0.043052134,90.7935442
1.95,0.098646111,0.055902751,89.1694415
2.5,0.056642,0.032200977,92.4975032
2.95,0.077375217,0.043206321,90.6701729
4,0.090822632,0.051423774,88.6131829
4.5,0.088923889,0.050739971,89.6564247
5,0.080846818,0.045031678,90.7960463
5.5,0.0780315,0.04201216,91.602577
5.9,0.088559474,0.050647163,89.6863735
