date,Precipitation (mm/day)
1-Dec-14,77.9
2-Dec-14,0
3-Dec-14,9.7
4-Dec-14,1.8
5-Dec-14,0
6-Dec-14,24.7
7-Dec-14,2.5
8-Dec-14,55.1
9-Dec-14,0
10-Dec-14,0
11-Dec-14,32.2
12-Dec-14,0
13-Dec-14,24.1
14-Dec-14,0.7
15-Dec-14,0
16-Dec-14,0
17-Dec-14,0.4
18-Dec-14,0
19-Dec-14,0.1
20-Dec-14,16
21-Dec-14,32.4
22-Dec-14,57.2
23-Dec-14,107.9
24-Dec-14,2.8
25-Dec-14,0.5
26-Dec-14,84.1
27-Dec-14,3.6
28-Dec-14,0
29-Dec-14,0.8
30-Dec-14,0.2
31-Dec-14,16.4
1-Jan-15,0.7
2-Jan-15,0
3-Jan-15,0
4-Jan-15,0.3
5-Jan-15,0
6-Jan-15,0
7-Jan-15,3.2
8-Jan-15,1.3
9-Jan-15,5.4
10-Jan-15,0
11-Jan-15,0.2
12-Jan-15,0
13-Jan-15,0
14-Jan-15,0
15-Jan-15,0
16-Jan-15,0
17-Jan-15,0
18-Jan-15,0
19-Jan-15,0
20-Jan-15,0
21-Jan-15,0
22-Jan-15,0
23-Jan-15,0.1
24-Jan-15,0
25-Jan-15,0
26-Jan-15,0
27-Jan-15,0
28-Jan-15,0
29-Jan-15,0
30-Jan-15,0
31-Jan-15,0
