Land Cover,NDVILandsat8,NDVISentinel-2
Oil palm plantation,0.861104548,0.836599946
Oil palm plantation,0.831608951,0.877722383
Oil palm plantation,0.8325091,0.807568073
Oil palm plantation,0.857423604,0.884092271
Oil palm plantation,0.85296452,0.832199574
Oil palm plantation,0.81366396,0.806499243
Oil palm plantation,0.84673655,0.843807518
Oil palm plantation,0.826070428,0.81582576
Oil palm plantation,0.861858845,0.85317862
Oil palm plantation,0.842377484,0.810279012
Oil palm plantation,0.85672611,0.87220782
Peat swamp forest,0.843547344,0.818996429
Peat swamp forest,0.796409428,0.892200351
Peat swamp forest,0.821725368,0.815012872
Peat swamp forest,0.850938797,0.899053633
Peat swamp forest,0.845584631,0.834189653
Peat swamp forest,0.779358566,0.802572966
Peat swamp forest,0.865294516,0.87802124
Peat swamp forest,0.845389009,0.832338572
Peat swamp forest,0.865693688,0.862503409
Peat swamp forest,0.842133522,0.819869995
Peat swamp forest,0.871199667,0.893991232
Mangrove,0.772862732,0.781643033
Mangrove,0.797783434,0.880458117
Mangrove,0.80963093,0.782301843
Mangrove,0.853164613,0.875161409
Mangrove,0.875705004,0.881784618
Mangrove,0.892818272,0.876557887
Mangrove,0.853539169,0.839747608
Mangrove,0.833982229,0.901259422
Barren road,0.811291873,0.715730011
Barren road,0.776301682,0.742982447
Barren road,0.769547343,0.688210964
Barren road,0.762353003,0.633187771
Barren road,0.745980144,0.597697258
Barren road,0.770544767,0.674958527
Barren road,0.823763311,0.760388553
Barren road,0.751527011,0.718883395
Barren road,0.822461665,0.75599438
Barren road,0.792849779,0.7439394
Barren road,0.830778182,0.788041234
Tidal flat,0.352985561,0.226125136
Tidal flat,0.360295177,0.239879563
Tidal flat,0.375908971,0.243785858
Tidal flat,0.392094314,0.195876285
Tidal flat,0.346857131,0.29239437
Tidal flat,0.421929896,0.29095608
Tidal flat,0.415033549,0.210594878
Tidal flat,0.451327741,0.328046143
Tidal flat,0.365017593,0.184979141
Tidal flat,0.398068219,0.321361065
Shrimp farm,0.601040244,0.453435123
Shrimp farm,0.631157279,0.47571525
Shrimp farm,0.549921513,0.403085172
Shrimp farm,0.602624714,0.420609891
Shrimp farm,0.530055583,0.280078888
Shrimp farm,0.603191674,0.498584718
Shrimp farm,0.338832825,0.19453077
Shrimp farm,0.204905584,0.112832926
Shrimp farm,0.154709861,0.051173992
Shrimp farm,0.385469019,0.272727281
