UTM-E (m),UTM-N (m),Elevation (m)
168579.6631,176934.4714,9.1163
168580.115,176953.3493,9.0643
168580.8289,176972.8238,9.1256
168581.1248,177010.1948,9.0956
168580.4126,177028.8373,9.05
168581.0917,177047.6779,9.0306
168581.118,177066.4751,9.0218
168581.0762,177085.4972,8.9658
168581.8344,177104.7942,9.0375
168582.1278,177123.8166,9.0298
168582.3758,177142.0583,9.0944
168580.8505,177185.4128,9.1487
168582.5545,177204.1098,9.0801
168583.2199,177222.9355,9.0477
168583.4528,177242.0162,9.0133
168584.2225,177260.5259,9.0174
168584.0018,177279.7439,8.9436
168584.1353,177298.4301,8.7673
168585.154,177300.2372,8.7231
168585.858,177318.2844,8.4794
168583.9301,177320.0949,8.4977
168583.9195,177320.0979,8.5032
168584.6474,177320.4827,8.4103
168584.6385,177320.5918,8.4066
168584.8709,177320.9031,6.7998
168585.3103,177321.1896,6.3631
168585.3522,177321.6129,7.8921
168584.0895,177322.961,7.9233
168583.8878,177327.2491,7.9874
168584.7488,177328.0276,7.9277
168585.4282,177328.2079,6.5083
168585.7001,177328.3908,6.4125
168585.777,177328.6791,7.5088
168585.0133,177331.8418,7.6643
168584.1706,177332.1053,7.8202
168585.6441,177332.2355,6.2695
168585.3778,177333.9766,6.908
168585.8912,177335.0636,7.2653
168584.543,177335.2034,7.2033
168584.4298,177340.0002,7.4289
168585.7214,177340.7446,7.3853
168586.0826,177341.4208,6.249
168584.3683,177343.989,6.6784
168585.9428,177345.5343,6.537
168586.3823,177345.8201,7.0111
168584.811,177348.3943,7.1887
168586.898,177348.9134,7.0994
168585.0154,177352.4682,7.164
168585.2217,177354.6575,6.9875
168585.6616,177356.8776,6.8202
168587.3478,177357.0006,6.6518
168587.5929,177357.2419,5.1877
168587.6104,177359.0554,7.0096
168588.6017,177360.5214,5.6994
168602.7344,177361.9548,5.8991
168586.4475,177362.4236,7.0023
168598.6218,177363.1213,6.0368
168587.5309,177364.8477,7.1795
168587.9193,177365.1235,5.7436
168588.0316,177365.4036,5.788
168587.8948,177365.8197,6.8634
168586.3756,177366.3623,6.7996
168594.2012,177366.3897,6.3048
168587.5119,177368.8138,7.0577
168586.5484,177368.8282,6.9729
168587.3652,177369.2457,5.9085
168588.2723,177369.9428,5.8808
168588.4395,177370.1606,5.7107
168588.6208,177370.6124,7.0641
168587.1782,177371.838,7.1809
168587.6549,177374.9702,6.5616
168588.3975,177375.2139,6.4602
168588.2991,177375.6325,5.0759
168589.3359,177376.9486,7.7398
168587.2811,177380.1735,5.6603
168587.217,177380.7358,6.4658
168588.1646,177386.0831,5.7668
168588.288,177386.94,6.6605
168588.8765,177387.6634,5.1572
168588.9808,177388.4601,6.5105
168589.9522,177390.3969,6.1766
168590.0185,177391.0393,5.5035
168591.737,177397.914,5.9436
168588.6916,177403.0687,5.3514
168587.2645,177403.5588,5.7308
