date,NDVI,VC,cloudCoveragePercent
2013/4/8,0.289843947,,0
15-Apr-13,0.793857694,0.81123336,0
17-May-13,0.829771161,0.899886061,0
20-Jul-13,0.699703336,0.578812526,0
21-Aug-13,0.758635879,0.72428801,0
6-Sep-13,0.471384227,0.015204861,0
8-Oct-13,0.50812149,0.105891108,0
24-Oct-13,0.626443505,0.39797001,0
11-Dec-13,0.610218704,0.357918949,0
27-Dec-13,0.816358328,0.866776368,0
28-Jan-14,0.463289648,-0.004776676,0
13-Feb-14,0.548833668,0.206389466,0
1-Mar-14,0.587533772,0.301921002,0
21-Jun-14,0.665771723,0.49505205,0
23-Jul-14,0.48027578,0.037153735,0
8-Aug-14,0.638308644,0.427259207,0
24-Aug-14,0.565159261,0.246689331,0
27-Oct-14,0.696239173,0.570261212,0
14-Dec-14,0.47596404,0.026510167,0
15-Jan-15,0.76344353,0.736155737,0
16-Feb-15,0.698212147,0.575131513,0
5-Apr-15,0.65310818,0.463791986,0
10-Jul-15,0.770611048,0.753848817,0
27-Aug-15,0.506468356,0.101810331,0
15-Nov-15,0.777619243,0.771148606,0
18-Jan-16,0.54074347,0.186418743,0
6-Mar-16,0.776062846,0.767306628,0
7-Apr-16,0.487687737,0.055450213,0
9-May-16,0.423313022,-0.103459319,0
25-May-16,0.373276621,-0.2269746,0
12-Jul-16,0.739702523,0.67755086,0
13-Aug-16,0.642683327,0.438058149,0
14-Sep-16,0.724069595,0.638960845,0
30-Sep-16,0.763325393,0.735864117,0
16-Oct-16,0.415905297,-0.121745351,0
17-Nov-16,0.829399228,0.898967941,0
3-Dec-16,0.50449723,0.096944591,0
19-Dec-16,0.593965471,0.317797705,0
4-Jan-17,0.419708103,-0.112358092,0
9-Mar-17,0.74417901,0.688601108,0
12-May-17,0.662437737,0.486822078,0
31-Jul-17,0.74464494,0.689751259,0
16-Aug-17,0.757671833,0.721908255,0
17-Sep-17,0.763808608,0.737056937,0
3-Oct-17,0.778057277,0.772229898,0
19-Oct-17,0.774754047,0.764075847,0
22-Dec-17,0.751800656,0.707415205,0
7-Jan-18,0.771687388,0.756505773,0
8-Feb-18,0.68541193,0.543534069,0
24-Feb-18,0.279463828,-0.458552281,0
12-Mar-18,0.63931638,0.429746811,0
