175928.6468,168573.4706,8.262699411
175959.2049,168573.3063,8.221299411
176000.6665,168573.8745,8.231699411
176032.4303,168573.8559,8.227699411
176075.9943,168574.66,8.204699411
176109.6437,168574.5575,8.230399411
176121.7239,168573.5552,8.239799411
176143.5638,168574.5146,8.248399411
176171.8103,168576.0541,8.265599411
176236.853,168577.4005,8.195799411
176270.7333,168577.465,8.210999411
176328.3932,168578.1676,8.231499411
176382.0857,168576.4015,8.237699411
176407.934,168577.9704,8.274260168
176453.2103,168578.6264,8.280960168
176528.6033,168578.6865,8.275660168
176642.5505,168579.3286,8.267660168
176683.4311,168579.6801,8.226460168
176790.9446,168582.089,8.180460168
176876.3641,168582.5587,8.233260168
176932.7509,168582.1713,8.219091663
176968.7893,168584.4218,8.212191663
177033.9387,168585.3294,8.225091663
177084.0546,168584.8776,8.194391663
177157.6132,168585.825,8.237891663
177190.6449,168587.6955,8.278491663
177271.6544,168588.8844,7.693391663
177340.6276,168589.5227,7.783191663
177375.9545,168589.8767,7.748691663
177402.9766,168593.6119,7.074691663
