index,term,term_type,coefficient,standardisation_mean,standardisation_scale,median_imputation_value
,INTERCEPT,intercept,-0.15831850433420505,,,
0,gpm_calibrated_accum_1d_mm,numeric_predictor,0.012415119713555335,3.5144091155046433,4.092360912436683,0.0
1,gpm_calibrated_accum_3d_mm,numeric_predictor,0.00117290250811967,10.268931124405837,8.393279139640152,9.719708607896443
2,gpm_calibrated_accum_7d_mm,numeric_predictor,0.09777210871253907,24.149068916293306,16.220401414725647,23.44480604670259
3,gpm_calibrated_accum_14d_mm,numeric_predictor,0.02488642792791733,48.343120927059914,27.59339018208532,47.17409933554181
4,gpm_calibrated_accum_30d_mm,numeric_predictor,0.014057832598760237,103.33945962706586,51.83118148077048,108.77513998124545
5,gpm_dry_streak_days,numeric_predictor,-2.606890668220818e-05,3.0097087378640777,6.230557983331597,1.0
6,gpm_wet_days_7d,numeric_predictor,-0.054252167687019154,3.1968225948808473,1.9829610819560066,3.0
7,gpm_wet_days_14d,numeric_predictor,-0.02768376160610123,6.3945278022947925,3.4324455310123256,7.0
8,gpm_wet_days_30d,numeric_predictor,0.02410203083560541,13.712268314210062,6.522836486194057,15.0
9,doy_sin,numeric_predictor,-0.005282685430610076,-0.14664040478555324,0.4114233248801622,-0.1754125938042784
10,doy_cos,numeric_predictor,-0.010776677304702493,0.37420106658658503,0.40476332494274186,0.4373400963303323
11,smap_sm_surface,numeric_predictor,-0.026598284025305473,0.6161551023689604,0.1763913913784242,0.6675770282745361
12,smap_sm_rootzone,numeric_predictor,0.07962093802896265,0.847294304713883,0.10482861605209427,0.896864116191864
13,smap_sm_profile,numeric_predictor,0.03008677977667234,0.9118518292746077,0.02419052016784525,0.9229154586791992
14,smap_surface_wetness,numeric_predictor,-0.02634260051218466,0.6625314928255877,0.18967245788860476,0.7177700400352478
15,smap_rootzone_wetness,numeric_predictor,0.07926263772733295,0.9110624658146056,0.112720288337163,0.9644206762313844
16,smap_profile_wetness,numeric_predictor,0.02717553767792035,0.9804852464929262,0.026005689194027282,0.992357075214386
17,smap_land_fraction_saturated,numeric_predictor,0.0417142518630755,0.17892225492668168,0.15519986444227224,0.1634521484375
18,smap_surface_temp_K,numeric_predictor,0.02328595121572665,298.56001188811854,2.1924856921333147,299.2142944335937
19,smap_vegetation_greenness_fraction,numeric_predictor,0.042769845499993714,0.939240293437574,0.02386651749340419,0.9417136311531068
20,smap_leaf_area_index,numeric_predictor,-0.0697940763426999,3.3670913630213657,0.673486633952639,3.42871642112732
21,vv_median_50m_db,numeric_predictor,-0.09527075699034956,-10.442141328298746,3.718300852335086,-9.14225672006907
22,vh_median_50m_db,numeric_predictor,-0.08927634637507698,-16.750502457030905,3.5311176376371476,-15.442193717698302
23,vv_minus_vh_50m_db,numeric_predictor,-0.027473841018827164,6.308361128732157,1.4195341519341935,6.253799045556298
24,vh_vv_ratio_linear_50m,numeric_predictor,0.022706300818590295,0.24671149668971257,0.08376942129842212,0.2369300223747034
25,rvi_50m,numeric_predictor,-0.004414030968512884,0.7781558152886626,0.20133769317719974,0.7661873124231765
26,angle_median_50m_deg,numeric_predictor,0.07023298740640796,39.447743611546656,3.919310999696642,39.328948974609375
27,days_since_prev_same_orbit_50m,numeric_predictor,0.004462810431220146,14.160637656908897,13.785615790627089,12.0
28,delta_vv_prev_same_orbit_50m_db,numeric_predictor,0.01665653006447999,0.019321093056484807,1.6565986184616928,1.3859803861950004e-05
29,delta_vh_prev_same_orbit_50m_db,numeric_predictor,0.012948028955492272,0.016909561935413632,1.498074331962902,0.010971913112971451
30,delta_vvdiff_prev_same_orbit_50m_db,numeric_predictor,0.005607826250403139,0.0023690424995787334,1.4617580549936957,-0.01783514018781315
31,vv_anom_prev3_same_orbit_50m_db,numeric_predictor,0.03642682719611248,-0.0021074223087723318,1.638777350083444,0.0019181676945211998
32,vh_anom_prev3_same_orbit_50m_db,numeric_predictor,-0.014687139786561124,0.0014488777593386715,1.413014756325462,0.0037675013036793
33,n_prev3_history_50m,numeric_predictor,-0.04760701645756113,2.9549867608120035,0.30688527889992206,3.0
34,missing_indicator__doy_sin,missing_indicator,0.003263141276859366,0.649602824360106,0.4770943249960948,
35,missing_indicator__doy_cos,missing_indicator,0.0032631412768593247,0.649602824360106,0.4770943249960948,
36,missing_indicator__days_since_prev_same_orbit_50m,missing_indicator,-0.0022460009618839724,0.00617828773168579,0.07835889542604778,
37,missing_indicator__delta_vv_prev_same_orbit_50m_db,missing_indicator,-0.002246000961884003,0.00617828773168579,0.07835889542604778,
38,missing_indicator__delta_vh_prev_same_orbit_50m_db,missing_indicator,-0.0022460009618840144,0.00617828773168579,0.07835889542604778,
39,missing_indicator__delta_vvdiff_prev_same_orbit_50m_db,missing_indicator,-0.0022460009618840283,0.00617828773168579,0.07835889542604778,
40,missing_indicator__vv_anom_prev3_same_orbit_50m_db,missing_indicator,-0.002246000961884014,0.00617828773168579,0.07835889542604778,
41,missing_indicator__vh_anom_prev3_same_orbit_50m_db,missing_indicator,-0.0022460009618840092,0.00617828773168579,0.07835889542604778,
42,passAscending,one_hot_category,0.020629708819287534,,,
43,passDescending,one_hot_category,-0.020629708819287575,,,
44,orbit120,one_hot_category,0.04582548003716868,,,
45,orbit171,one_hot_category,-0.13249047391219257,,,
46,orbit18,one_hot_category,-0.06645518885643534,,,
47,orbit98,one_hot_category,0.15312018273145817,,,
