product,n_valid,p01,p05,median,mean,p95,p99,min,max
WET_n_scenes,101835,0.0,0.0,0.0,0.46890556812286377,3.0,3.0,0.0,8.0
DRY_n_scenes,101835,0.0,0.0,0.0,0.46896448731422424,3.0,3.0,0.0,8.0
WET_robust_sigma_m,20891,0.0027719896752387285,0.012204516679048538,0.11795273423194885,0.12876375019550323,0.2651888132095337,0.34913238883018494,1.2460148354875855e-05,0.49868693947792053
DRY_robust_sigma_m,20890,0.0024284138344228268,0.013098455034196377,0.1241486519575119,0.13255974650382996,0.2718661427497864,0.32293501496315,5.302190402289852e-07,0.48550939559936523
WET_IQR_m,20891,0.003679756075143814,0.01538239885121584,0.08824217319488525,0.10217533260583878,0.22572997212409973,0.2688290774822235,8.463859558105469e-06,0.6547667980194092
DRY_IQR_m,20890,0.0025438147131353617,0.014378764666616917,0.09343984723091125,0.10020914673805237,0.19881592690944672,0.23222123086452484,3.5762786865234375e-07,0.51361083984375
DRYING_BOOT_P05_m,20890,0.10416752099990845,0.20945754647254944,0.5527628660202026,0.5448305606842041,0.8176017999649048,1.0514320135116577,-0.19495081901550293,1.3162771463394165
DRYING_BOOT_MEDIAN_m,20890,0.45007309317588806,0.5248832702636719,0.7251460552215576,0.7342329621315002,0.9553407430648804,1.1074573993682861,0.0702512115240097,1.3651175498962402
DRYING_BOOT_P95_m,20890,0.5291386842727661,0.6410611271858215,0.918892502784729,0.9255080819129944,1.2271404266357422,1.3265126943588257,0.2473081350326538,1.9519039392471313
DRYING_PI90_WIDTH_m,20890,0.04544621333479881,0.09172113984823227,0.3337973356246948,0.3806775212287903,0.803961992263794,0.8975325226783752,0.003048419952392578,1.663144826889038
P_DRYING_GT0,20890,1.0,1.0,1.0,0.9999129772186279,1.0,1.0,0.8080000281333923,1.0
