Plot_ID,Repeat,Species_code,Abundance
FOR01,1,baoder,1
FOR01,1,bledch,1
FOR01,1,buedul,1
FOR01,1,crreer,2
FOR01,1,crteul,1
FOR01,1,diogon,1
FOR01,1,ordwer,1
FOR01,1,rukerd,1
FOR01,1,sopeer,1
FOR01,1,spedul,3
FOR01,2,asorrd,1
FOR01,2,bledch,1
FOR01,2,blyell,1
FOR01,2,buedul,1
FOR01,2,crteul,1
FOR01,2,rukerd,1
FOR01,3,asorrd,1
FOR01,3,bledch,2
FOR01,3,crreer,1
FOR01,3,daedrd,2
FOR01,3,flcker,1
FOR01,3,liider,1
FOR01,3,moeder,1
FOR01,3,ramaha,2
FOR01,3,rukerd,1
FOR01,3,sopeer,2
FOR01,4,crreer,1
FOR01,4,daedrd,1
FOR01,4,hoedul,1
FOR01,4,leeerd,2
FOR01,4,liider,2
FOR01,4,yeeaer,1
FOR02,1,bledch,1
FOR02,1,blyell,1
FOR02,1,crteul,1
FOR02,1,daedrd,1
FOR02,1,flcker,1
FOR02,1,reedet,1
FOR02,1,scinet,2
FOR02,1,sopeer,1
FOR02,1,spedul,3
FOR02,2,buedul,1
FOR02,2,criner,2
FOR02,2,crteul,2
FOR02,2,daedrd,1
FOR02,2,liider,1
FOR02,2,rukerd,1
FOR02,3,bledet,1
FOR02,3,bueder,1
FOR02,3,criner,2
FOR02,3,gracgo,2
FOR02,3,grara,2
FOR02,3,olgeul,1
FOR02,3,orcker,1
FOR02,3,sopeer,2
FOR02,3,spedul,3
FOR02,3,streer,1
FOR02,4,daedrd,2
FOR02,4,rukerd,1
FOR02,4,rungma,1
FOR03,1,bledch,1
FOR03,1,bledet,3
FOR03,1,feouer,1
FOR03,1,flcker,2
FOR03,1,liider,1
FOR03,1,ruilma,1
FOR03,1,spedul,1
FOR03,2,blraer,1
FOR03,2,chhrpe,2
FOR03,2,daedrd,1
FOR03,2,gracgo,1
FOR03,2,leeerd,2
FOR03,2,liider,3
FOR03,2,scumon,1
FOR03,2,spedul,1
FOR03,3,bledch,1
FOR03,3,blnbll,3
FOR03,3,chruer,2
FOR03,3,chwier,2
FOR03,3,daedrd,1
FOR03,3,leeerd,1
FOR03,3,liider,3
FOR03,4,asorrd,2
FOR03,4,chruer,3
FOR03,4,chwier,2
FOR03,4,flcker,5
FOR03,4,gracgo,1
FOR03,4,grara,2
FOR03,4,hoedul,2
FOR03,4,liider,1
FOR03,4,reulul,2
FOR03,4,scumon,1
FOR03,4,spedul,1
FOR04,1,asorrd,2
FOR04,1,bledet,1
FOR04,1,buedul,1
FOR04,1,chwier,1
FOR04,1,daedrd,1
FOR04,1,flcker,3
FOR04,1,grster,2
FOR04,1,ramaha,1
FOR04,1,sopeer,2
FOR04,1,spedul,1
FOR04,2,asorrd,2
FOR04,2,chwier,1
FOR04,2,daedrd,1
FOR04,2,flcker,2
FOR04,2,grara,4
FOR04,2,hoedul,1
FOR04,2,leeerd,1
FOR04,2,orpill,1
FOR04,2,ramaha,1
FOR04,2,rukerd,1
FOR04,3,bledch,1
FOR04,3,daedrd,2
FOR04,3,gracgo,1
FOR04,3,grara,3
FOR04,3,maeyde,1
FOR04,3,moeder,1
FOR04,3,rukerd,1
FOR04,3,scinet,2
FOR04,3,spedul,2
FOR04,3,yeeaer,1
FOR04,4,bledch,2
FOR04,4,blnbll,1
FOR04,4,blweet,1
FOR04,4,chruer,2
FOR04,4,chwier,1
FOR04,4,crreer,2
FOR04,4,feouer,1
FOR04,4,gracgo,2
FOR04,4,ramaha,1
FOR04,4,reulul,1
FOR04,4,rukerd,1
FOR04,4,scinet,1
FOR04,4,sopeer,1
FOR04,4,whlier,1
FOR05,1,asorrd,1
FOR05,1,bledet,1
FOR05,1,blgeke,1
FOR05,1,crteul,3
FOR05,1,daedrd,1
FOR05,1,feouer,1
FOR05,1,scinet,20
FOR05,1,yeeaer,1
FOR05,2,bledch,3
FOR05,2,bledet,1
FOR05,2,chruer,1
FOR05,2,chwier,1
FOR05,2,feouer,1
FOR05,2,flcker,2
FOR05,2,grster,1
FOR05,2,hoedul,1
FOR05,2,ruilma,2
FOR05,2,sopeer,2
FOR05,2,spedul,1
FOR05,3,asorrd,1
FOR05,3,aswner,1
FOR05,3,blgeke,1
FOR05,3,bueder,1
FOR05,3,crteul,2
FOR05,3,feouer,1
FOR05,3,flcker,3
FOR05,3,grara,2
FOR05,3,liider,1
FOR05,3,scinet,1
FOR05,3,sopeer,2
FOR05,3,spedul,1
FOR05,4,bledet,1
FOR05,4,buedul,1
FOR05,4,criner,1
FOR05,4,daedrd,1
FOR05,4,feouer,1
FOR05,4,flcker,1
FOR05,4,gracgo,1
FOR05,4,grster,1
FOR05,4,liider,2
FOR05,4,orpill,1
FOR05,4,ramaha,1
FOR05,4,sopeer,2
FOR05,4,spedul,2
FOR05,4,whlier,1
FOR10,1,bledch,2
FOR10,1,bledet,1
FOR10,1,chwier,2
FOR10,1,daedrd,2
FOR10,1,feouer,1
FOR10,1,gracgo,2
FOR10,1,grara,7
FOR10,1,grrerd,2
FOR10,1,ormain,1
FOR10,1,reedet,1
FOR10,1,rukerd,1
FOR10,1,rungma,1
FOR10,1,scinet,2
FOR10,1,sopeer,1
FOR10,2,chwier,2
FOR10,2,daedrd,3
FOR10,2,hoedul,1
FOR10,2,liider,1
FOR10,2,olgeul,3
FOR10,2,reedet,1
FOR10,2,yeeaer,1
FOR10,2,yeowet,1
FOR10,3,bledch,2
FOR10,3,blpeer,1
FOR10,3,bueder,2
FOR10,3,crteul,5
FOR10,3,daedrd,4
FOR10,3,grara,7
FOR10,4,bledch,2
FOR10,4,blgeke,1
FOR10,4,daedrd,2
FOR10,4,gracgo,2
FOR10,4,grara,1
FOR10,4,hoedul,1
FOR10,4,reedet,2
FOR11,1,chwier,1
FOR11,1,crteul,3
FOR11,1,daedrd,2
FOR11,1,feouer,2
FOR11,1,flcker,5
FOR11,1,gracgo,3
FOR11,1,moeder,2
FOR11,1,scwner,1
FOR11,1,sopeer,1
FOR11,2,daedrd,2
FOR11,2,flcker,2
FOR11,2,gracgo,2
FOR11,2,hakeul,1
FOR11,2,moeder,1
FOR11,2,rukerd,2
FOR11,3,bledch,1
FOR11,3,bledet,1
FOR11,3,daedrd,1
FOR11,3,flcker,2
FOR11,3,grara,1
FOR11,3,grufer,1
FOR11,3,ramaha,1
FOR11,3,ruilrd,1
FOR11,3,rukerd,1
FOR11,3,yeeaer,2
FOR11,4,bledch,2
FOR11,4,crreer,4
FOR11,4,daedrd,1
FOR12,1,bledch,2
FOR12,1,blyell,2
FOR12,1,chwier,1
FOR12,1,collna,1
FOR12,1,crteul,1
FOR12,1,daedrd,2
FOR12,1,flcker,1
FOR12,1,scwner,2
FOR12,1,yeeaer,1
FOR12,2,bledch,1
FOR12,2,bledet,2
FOR12,2,bueder,1
FOR12,2,daedrd,4
FOR12,2,rungma,1
FOR12,2,ruoder,1
FOR12,2,sopeer,1
FOR12,2,yeeaer,1
FOR12,3,criner,1
FOR12,3,crreer,1
FOR12,3,daedrd,2
FOR12,3,diogon,1
FOR12,3,feouer,1
FOR12,3,flcker,1
FOR12,3,orller,1
FOR12,3,ruower,3
FOR12,3,scinet,3
FOR12,4,bledet,1
FOR12,4,blgeke,1
FOR12,4,daedrd,1
FOR12,4,grara,1
FOR12,4,hakeul,3
FOR12,4,leeerd,1
FOR12,4,reulul,1
FOR12,4,ruilrd,2
FOR12,4,scinet,2
FOR13,1,bledch,3
FOR13,1,bledet,1
FOR13,1,bueder,2
FOR13,1,chwier,2
FOR13,1,daedrd,2
FOR13,1,diogon,1
FOR13,1,flcker,1
FOR13,1,gollne,1
FOR13,1,gracgo,1
FOR13,1,grara,6
FOR13,1,grufer,1
FOR13,1,leeerd,4
FOR13,1,rhosll,1
FOR13,1,ruilma,1
FOR13,1,sopeer,2
FOR13,2,bledch,2
FOR13,2,bledet,1
FOR13,2,blgeke,1
FOR13,2,bustll,5
FOR13,2,chwier,4
FOR13,2,daedrd,3
FOR13,2,grara,1
FOR13,2,ramaha,1
FOR13,2,slilow,1
FOR13,3,bledch,1
FOR13,3,bledet,1
FOR13,3,grufer,1
FOR13,3,ramaha,1
FOR13,3,ruilrd,2
FOR13,4,blgeke,2
FOR13,4,chwier,1
FOR13,4,daedrd,2
FOR13,4,diogon,1
FOR13,4,feouer,2
FOR13,4,flcker,1
FOR13,4,gokeet,1
FOR13,4,gracgo,2
FOR13,4,moeder,2
FOR13,4,olgeul,1
FOR13,4,ramaha,1
FOR13,4,reedet,2
FOR13,4,sopeer,2
FOR13,4,yeeaer,1
FOR14,1,bledch,4
FOR14,1,chwier,1
FOR14,1,daedrd,2
FOR14,1,gracgo,1
FOR14,1,rukerd,1
FOR14,1,rungma,1
FOR14,1,spedul,2
FOR14,1,wrholl,1
FOR14,2,asorrd,1
FOR14,2,bledch,2
FOR14,2,bueder,1
FOR14,2,chwier,2
FOR14,2,crteul,2
FOR14,2,daedrd,5
FOR14,2,diogon,1
FOR14,2,gracgo,3
FOR14,2,grrerd,2
FOR14,2,scinet,3
FOR14,2,scwner,3
FOR14,2,sopeer,2
FOR14,2,spedul,4
FOR14,2,yeeaer,1
FOR14,3,daedrd,2
FOR14,3,flcker,3
FOR14,3,gollne,1
FOR14,3,gracgo,1
FOR14,3,liider,1
FOR14,3,rukerd,1
FOR14,3,yeeaer,1
FOR14,4,asorrd,1
FOR14,4,bledch,1
FOR14,4,flcker,2
FOR14,4,gracgo,1
FOR14,4,grara,2
FOR14,4,grrerd,1
FOR14,4,liider,2
FOR14,4,orcker,1
FOR14,4,reulul,2
FOR14,4,scinet,1
FOR15,1,bledch,1
FOR15,1,bledet,2
FOR15,1,buedul,1
FOR15,1,chwier,2
FOR15,1,flcker,1
FOR15,1,gracgo,1
FOR15,1,grara,2
FOR15,1,hoedul,1
FOR15,1,rukerd,1
FOR15,1,sopeer,2
FOR15,2,bledch,1
FOR15,2,chwier,2
FOR15,2,crteul,3
FOR15,2,diogon,1
FOR15,2,feouer,1
FOR15,2,flcker,1
FOR15,2,grara,5
FOR15,2,grrerd,1
FOR15,2,hakeul,1
FOR15,2,hoedul,2
FOR15,2,ruilrd,1
FOR15,2,scinet,2
FOR15,2,sopeer,2
FOR15,2,yeeaer,1
FOR15,3,chwier,1
FOR15,3,daedrd,2
FOR15,3,feouer,1
FOR15,3,flcker,3
FOR15,3,gollne,1
FOR15,3,grufer,1
FOR15,3,reedet,1
FOR15,3,rukerd,1
FOR15,3,sopeer,1
FOR15,3,spedul,1
FOR15,4,bledet,1
FOR15,4,chwier,3
FOR15,4,daedrd,3
FOR15,4,feouer,1
FOR15,4,flcker,3
FOR15,4,grara,2
FOR15,4,hakeul,1
FOR15,4,liider,1
FOR15,4,reulul,1
FOR15,4,sopeer,2
FOR15,4,spedul,1
FOR15,4,whwnll,1
FOR15,4,yeeaer,1
FOR20,1,bledch,1
FOR20,2,asorrd,2
FOR20,2,bledch,2
FOR20,2,blnbll,1
FOR20,2,crteul,1
FOR20,2,daedrd,2
FOR20,2,hakeul,1
FOR20,2,leeerd,1
FOR20,2,maeyde,1
FOR20,2,orcker,1
FOR20,3,asorrd,1
FOR20,3,buedul,2
FOR20,3,chwier,1
FOR20,3,daedrd,2
FOR20,3,leeerd,2
FOR20,3,liider,1
FOR20,3,maeyde,1
FOR20,3,reedet,1
FOR20,3,scinet,3
FOR20,4,asorrd,1
FOR20,4,blweet,1
FOR20,4,chwier,2
FOR20,4,daedrd,2
FOR20,4,feouer,3
FOR20,4,gracgo,1
FOR20,4,grster,2
FOR20,4,hoedul,1
FOR20,4,moeder,1
FOR20,4,ruilma,1
FOR20,4,rungma,2
FOR20,4,sopeer,2
FOR21,1,bledch,2
FOR21,1,buedul,1
FOR21,1,chbrha,1
FOR21,1,criner,1
FOR21,1,daedrd,1
FOR21,1,gracgo,1
FOR21,1,grara,2
FOR21,1,grrerd,3
FOR21,1,hoedul,2
FOR21,1,ramaha,1
FOR21,1,retron,2
FOR21,1,ruower,1
FOR21,1,scumon,1
FOR21,1,sopeer,1
FOR21,2,asorrd,2
FOR21,2,bledch,2
FOR21,2,blweet,1
FOR21,2,chwier,1
FOR21,2,daedrd,1
FOR21,2,feouer,2
FOR21,2,gracgo,2
FOR21,2,liider,2
FOR21,2,olgeul,1
FOR21,2,ramaha,1
FOR21,2,retron,1
FOR21,2,sopeer,1
FOR21,3,chwier,1
FOR21,3,liider,1
FOR21,3,rukerd,1
FOR21,3,sudfil,1
FOR21,4,bledch,2
FOR21,4,chwier,1
FOR21,4,flcker,1
FOR21,4,grara,2
FOR21,4,liider,1
FOR21,4,moeder,1
FOR21,4,scinet,2
FOR21,4,sopeer,4
FOR21,4,spedul,1
FOR22,1,asorrd,1
FOR22,1,buedul,2
FOR22,1,crteul,3
FOR22,1,daedrd,2
FOR22,1,diogon,1
FOR22,1,flcker,2
FOR22,1,grara,3
FOR22,1,pupeer,2
FOR22,1,scinet,2
FOR22,2,asorrd,2
FOR22,2,chwier,4
FOR22,2,daedrd,2
FOR22,2,feouer,1
FOR22,2,flcker,1
FOR22,2,gollne,1
FOR22,2,gracgo,2
FOR22,2,grara,2
FOR22,2,grufer,1
FOR22,2,hoedul,1
FOR22,2,ordord,1
FOR22,2,scinet,5
FOR22,2,scwner,1
FOR22,2,sopeer,1
FOR22,2,sudfil,1
FOR22,3,asorrd,1
FOR22,3,bledet,2
FOR22,3,blnbll,2
FOR22,3,chbeha,4
FOR22,3,chwier,2
FOR22,3,criner,1
FOR22,3,daedrd,1
FOR22,3,gracgo,1
FOR22,3,grara,2
FOR22,3,leeerd,1
FOR22,3,liider,2
FOR22,3,ramaha,2
FOR22,3,scinet,2
FOR22,3,whdtft,2
FOR22,4,bledot,2
FOR22,4,blweet,1
FOR22,4,chwier,1
FOR22,4,crteul,1
FOR22,4,daedrd,1
FOR22,4,gollne,1
FOR22,4,gracgo,1
FOR22,4,grara,2
FOR22,4,grster,1
FOR22,4,leeerd,1
FOR22,4,reedet,1
FOR22,4,shleer,1
FOR22,4,sopeer,1
FOR22,4,spedul,1
FOR22,4,sudfil,1
FOR22,4,whdtft,1
FOR23,1,bledet,1
FOR23,1,daedrd,1
FOR23,1,flcker,1
FOR23,1,gollne,1
FOR23,1,grrerd,1
FOR23,1,yeeaer,1
FOR23,2,blater,2
FOR23,2,bledch,2
FOR23,2,bledot,1
FOR23,2,blyell,1
FOR23,2,buedul,1
FOR23,2,crteul,1
FOR23,2,feouer,1
FOR23,2,flcker,1
FOR23,2,grara,3
FOR23,2,grrerd,1
FOR23,2,hoedul,1
FOR23,2,liider,1
FOR23,2,reulul,1
FOR23,3,bledch,2
FOR23,3,blgeke,1
FOR23,3,buedul,1
FOR23,3,chruer,2
FOR23,3,chwier,2
FOR23,3,daedrd,2
FOR23,3,grara,3
FOR23,3,hoedul,3
FOR23,3,madeta,1
FOR23,3,scinet,1
FOR23,3,sopeer,1
FOR23,3,spedul,1
FOR23,3,thleon,1
FOR23,4,ababer,1
FOR23,4,bledch,1
FOR23,4,bledet,3
FOR23,4,chwier,1
FOR23,4,daedrd,1
FOR23,4,hoedul,2
FOR23,4,leeerd,1
FOR23,4,ramaha,1
FOR23,4,reedet,1
FOR23,4,reulul,2
FOR23,4,ruower,1
FOR24,1,asorrd,1
FOR24,1,bledch,1
FOR24,1,blnbll,2
FOR24,1,chruer,2
FOR24,1,chwier,3
FOR24,1,daedrd,1
FOR24,1,gracgo,1
FOR24,1,grara,3
FOR24,1,grrerd,1
FOR24,1,hoedul,2
FOR24,1,reedet,1
FOR24,1,scwner,1
FOR24,1,sopeer,1
FOR24,2,amdier,1
FOR24,2,asorrd,1
FOR24,2,blater,1
FOR24,2,bledch,1
FOR24,2,blyell,1
FOR24,2,daedrd,2
FOR24,2,grster,1
FOR24,2,moeder,1
FOR24,2,ramaha,1
FOR24,2,rungma,1
FOR24,2,spedul,1
FOR24,3,bledch,1
FOR24,3,blnbll,2
FOR24,3,chwier,3
FOR24,3,crteul,2
FOR24,3,feouer,1
FOR24,3,flcker,1
FOR24,3,grara,2
FOR24,3,grster,1
FOR24,3,leeerd,3
FOR24,3,rukerd,1
FOR24,4,asorrd,1
FOR24,4,blyell,1
FOR24,4,daedrd,1
FOR24,4,feouer,2
FOR24,4,grara,3
FOR24,4,grrerd,2
FOR24,4,hoedul,1
FOR24,4,leeerd,2
FOR24,4,moeder,1
FOR24,4,rukerd,1
FOR24,4,rungma,2
FOR24,4,sopeer,1
FOR24,4,yeeaer,1
FOR40,1,ababer,2
FOR40,1,asorrd,2
FOR40,1,backve,1
FOR40,1,baoder,1
FOR40,1,chruer,1
FOR40,1,criner,1
FOR40,1,daedrd,3
FOR40,1,flcker,1
FOR40,1,hatego,1
FOR40,1,lanber,1
FOR40,1,olgeul,1
FOR40,1,ordwer,1
FOR40,1,rungma,1
FOR40,2,bledch,1
FOR40,2,crreer,1
FOR40,2,gracgo,2
FOR40,2,reedet,1
FOR40,2,ruilma,1
FOR40,3,crteul,1
FOR40,3,daedrd,2
FOR40,3,gokeet,1
FOR40,3,gracgo,1
FOR40,3,grara,5
FOR40,3,grrerd,3
FOR40,3,leeerd,3
FOR40,3,reteet,1
FOR40,3,ruilma,1
FOR40,3,shleer,1
FOR40,3,yeeaer,1
FOR40,4,crteul,1
FOR40,4,daedrd,1
FOR40,4,grleha,1
FOR40,4,ordwer,1
FOR40,4,ruilma,3
FOR40,4,yeeaer,2
FOR41,1,asorrd,3
FOR41,1,bledch,1
FOR41,1,bledet,1
FOR41,1,ciruon,1
FOR41,1,criner,1
FOR41,1,daedrd,2
FOR41,1,gracgo,1
FOR41,1,grara,9
FOR41,1,puedul,2
FOR41,1,ramaha,3
FOR41,1,reedet,2
FOR41,1,ruoder,1
FOR41,1,sopeer,1
FOR41,1,spedul,1
FOR41,1,whlier,1
FOR41,2,baoder,1
FOR41,2,flcker,2
FOR41,2,gracgo,2
FOR41,2,hatego,1
FOR41,2,leeerd,4
FOR41,2,loedet,1
FOR41,2,puedul,1
FOR41,2,ramaha,1
FOR41,2,ruilma,1
FOR41,2,yeeaer,2
FOR41,3,ababer,1
FOR41,3,asorrd,1
FOR41,3,bledet,1
FOR41,3,bledot,30
FOR41,3,blweet,1
FOR41,3,bustll,6
FOR41,3,flcker,2
FOR41,3,grara,1
FOR41,3,leeerd,1
FOR41,3,moeder,2
FOR41,3,reedet,1
FOR41,3,scinet,2
FOR41,3,sopeer,2
FOR41,4,asorrd,1
FOR41,4,bledch,3
FOR41,4,chwier,1
FOR41,4,collna,2
FOR41,4,gracgo,1
FOR41,4,ordwer,1
FOR41,4,pupeer,1
FOR41,4,sopeer,1
FOR42,1,asorrd,1
FOR42,1,blgeke,2
FOR42,1,chwier,1
FOR42,1,criner,1
FOR42,1,crreer,1
FOR42,1,gracgo,1
FOR42,1,grara,4
FOR42,1,hatego,1
FOR42,1,leeerd,4
FOR42,1,sopeer,1
FOR42,1,spedul,1
FOR42,2,chlele,4
FOR42,2,chwier,2
FOR42,2,crreer,2
FOR42,2,crteul,4
FOR42,2,daedrd,2
FOR42,2,feouer,2
FOR42,2,flcker,4
FOR42,2,grara,2
FOR42,2,grleha,1
FOR42,2,hatego,1
FOR42,2,leeerd,1
FOR42,2,moeder,2
FOR42,2,ramaha,1
FOR42,2,reedet,1
FOR42,2,sopeer,1
FOR42,2,spedul,2
FOR42,2,yeeaer,1
FOR42,3,asorrd,1
FOR42,3,bledch,2
FOR42,3,blgeke,2
FOR42,3,blyell,1
FOR42,3,chwier,1
FOR42,3,ciruon,2
FOR42,3,crreer,1
FOR42,3,gracgo,2
FOR42,3,grara,7
FOR42,3,grleha,1
FOR42,3,moeder,1
FOR42,3,olgeul,1
FOR42,3,ramaha,1
FOR42,3,rungma,1
FOR42,3,scinet,4
FOR42,3,whlier,1
FOR42,4,asorrd,3
FOR42,4,bledet,3
FOR42,4,blgeke,2
FOR42,4,chwier,6
FOR42,4,crreer,1
FOR42,4,daedrd,1
FOR42,4,feouer,2
FOR42,4,leeerd,2
FOR42,4,sopeer,4
FOR42,4,yeeaer,1
FOR43,1,ababer,4
FOR43,1,criner,2
FOR43,1,crteul,1
FOR43,1,feouer,1
FOR43,1,flcker,1
FOR43,1,grara,6
FOR43,1,grrerd,2
FOR43,1,moeder,1
FOR43,1,reulul,2
FOR43,1,scwner,3
FOR43,1,sopeer,4
FOR43,1,yeeaer,1
FOR43,2,bledet,1
FOR43,2,blweet,1
FOR43,2,crteul,1
FOR43,2,diogon,1
FOR43,2,feouer,1
FOR43,2,grara,3
FOR43,2,grrerd,1
FOR43,2,olgeul,1
FOR43,2,spedul,2
FOR43,3,asorrd,2
FOR43,3,bledch,1
FOR43,3,bledet,3
FOR43,3,blpeer,1
FOR43,3,crteul,2
FOR43,3,daedrd,3
FOR43,3,feouer,1
FOR43,3,gracgo,1
FOR43,3,grara,2
FOR43,3,pupeer,3
FOR43,3,ruilma,1
FOR43,3,spedul,1
FOR43,4,ababer,1
FOR43,4,bledch,1
FOR43,4,bledet,1
FOR43,4,chwier,1
FOR43,4,flcker,2
FOR43,4,gracgo,6
FOR43,4,grara,9
FOR43,4,hatego,1
FOR43,4,moeder,2
FOR43,4,ramaha,1
FOR43,4,rhosll,1
FOR43,4,scinet,7
FOR43,4,sopeer,3
FOR43,4,spedul,3
FOR44,1,asorrd,4
FOR44,1,bledch,1
FOR44,1,bledet,1
FOR44,1,chruer,2
FOR44,1,chwier,1
FOR44,1,diogon,1
FOR44,1,feouer,2
FOR44,1,flcker,2
FOR44,1,gracgo,2
FOR44,1,grara,2
FOR44,1,grrerd,1
FOR44,1,olgeul,2
FOR44,1,rungma,1
FOR44,1,scinet,4
FOR44,1,sopeer,1
FOR44,1,spedul,3
FOR44,2,bldeul,1
FOR44,2,bledet,1
FOR44,2,blgeke,2
FOR44,2,crreer,1
FOR44,2,crteul,2
FOR44,2,feouer,1
FOR44,2,gracgo,1
FOR44,2,liider,1
FOR44,2,reulul,1
FOR44,2,shleer,1
FOR44,2,spedul,1
FOR44,2,yeeaer,1
FOR44,3,bledch,3
FOR44,3,crteul,1
FOR44,3,daedrd,1
FOR44,3,grufer,1
FOR44,3,moeder,2
FOR44,3,olgeul,2
FOR44,3,sopeer,1
FOR44,4,criner,1
FOR44,4,crreer,1
FOR44,4,flcker,4
FOR44,4,grara,4
FOR44,4,liider,2
FOR44,4,scwner,2
PLOP01,1,asorrd,2
PLOP01,1,badpia,2
PLOP01,1,chlele,1
PLOP01,1,eapove,1
PLOP01,1,piedon,1
PLOP01,1,plecoo,1
PLOP01,1,sudfil,2
PLOP01,1,whaser,1
PLOP01,1,yentul,6
PLOP01,2,asorrd,2
PLOP01,2,badpia,6
PLOP01,2,sodeul,3
PLOP01,2,whaser,1
PLOP01,2,yentul,3
PLOP01,2,zeeve,3
PLOP01,3,asorrd,1
PLOP01,3,badpia,3
PLOP01,3,whaser,2
PLOP01,3,yentul,6
PLOP01,4,asorrd,2
PLOP01,4,badpia,5
PLOP01,4,sudfil,1
PLOP01,4,whaser,2
PLOP01,4,yentul,7
PLOP01,4,zeeve,1
PLOP02,1,asorrd,1
PLOP02,1,badpia,9
PLOP02,1,eapove,3
PLOP02,1,piedon,1
PLOP02,1,sudfil,3
PLOP02,1,whaser,3
PLOP02,1,yentul,1
PLOP02,1,zeeve,2
PLOP02,2,asorrd,1
PLOP02,2,badpia,9
PLOP02,2,bledle,1
PLOP02,2,eapove,3
PLOP02,2,piedon,4
PLOP02,2,sudfil,2
PLOP02,2,whaser,2
PLOP02,2,yentul,4
PLOP02,2,zeeve,5
PLOP02,3,asorrd,2
PLOP02,3,badpia,4
PLOP02,3,eapove,1
PLOP02,3,sodeul,2
PLOP02,3,sudfil,2
PLOP02,3,whaser,1
PLOP02,3,yentul,4
PLOP02,3,zeeve,2
PLOP02,4,asorrd,3
PLOP02,4,badpia,5
PLOP02,4,sodeul,3
PLOP02,4,sudfil,1
PLOP02,4,yentul,4
PLOP02,4,zeeve,1
PLOP03,1,asorrd,1
PLOP03,1,badpia,4
PLOP03,1,eapove,3
PLOP03,1,jaana,3
PLOP03,1,sodeul,1
PLOP03,1,whaser,2
PLOP03,1,yentul,5
PLOP03,1,zeeve,2
PLOP03,2,asorrd,3
PLOP03,2,badpia,5
PLOP03,2,eapove,3
PLOP03,2,pileer,1
PLOP03,2,sodeul,3
PLOP03,2,stleer,1
PLOP03,2,whaser,7
PLOP03,2,yentul,6
PLOP03,2,zeeve,4
PLOP03,3,badpia,1
PLOP03,3,jaana,1
PLOP03,3,sodeul,3
PLOP03,3,whaser,1
PLOP03,3,yentul,7
PLOP03,3,zeeve,2
PLOP03,4,asorrd,3
PLOP03,4,badpia,3
PLOP03,4,sodeul,1
PLOP03,4,whaser,2
PLOP03,4,yentul,2
PLOP03,4,zeeve,3
PLOP04,1,asorrd,2
PLOP04,1,badpia,7
PLOP04,1,corara,1
PLOP04,1,eapove,2
PLOP04,1,sodeul,2
PLOP04,1,sudfil,2
PLOP04,1,yentul,2
PLOP04,2,badpia,5
PLOP04,2,corara,3
PLOP04,2,eutrow,1
PLOP04,2,loedet,2
PLOP04,2,plecoo,1
PLOP04,2,sodeul,4
PLOP04,2,sudfil,3
PLOP04,2,whaser,1
PLOP04,2,yentul,3
PLOP04,2,zeeve,3
PLOP04,3,badpia,8
PLOP04,3,collna,1
PLOP04,3,eapove,2
PLOP04,3,leucal,1
PLOP04,3,sodeul,1
PLOP04,3,whaser,3
PLOP04,3,yentul,8
PLOP04,4,asorrd,1
PLOP04,4,badpia,6
PLOP04,4,bledle,1
PLOP04,4,corara,3
PLOP04,4,eapove,2
PLOP04,4,sodeul,1
PLOP04,4,sudfil,1
PLOP04,4,whaser,1
PLOP04,4,yentul,5
PLOP04,4,zeeve,2
PLOP05,1,asorrd,3
PLOP05,1,badpia,6
PLOP05,1,bledch,1
PLOP05,1,eapove,1
PLOP05,1,olkerd,1
PLOP05,1,whaser,3
PLOP05,1,yentul,1
PLOP05,1,zeeve,1
PLOP05,2,asorrd,2
PLOP05,2,badpia,7
PLOP05,2,sodeul,1
PLOP05,2,sudfil,1
PLOP05,2,yentul,2
PLOP05,2,zeeve,1
PLOP05,3,asorrd,1
PLOP05,3,badpia,4
PLOP05,3,coamck,1
PLOP05,3,eapove,3
PLOP05,3,plecoo,1
PLOP05,3,yentul,8
PLOP05,3,zeeve,1
PLOP05,4,asorrd,3
PLOP05,4,badpia,5
PLOP05,4,eapove,1
PLOP05,4,sodeul,1
PLOP05,4,sudfil,1
PLOP05,4,whaser,1
PLOP05,4,yentul,2
PLOP05,4,zeeve,2
PLOP06,1,badpia,4
PLOP06,1,blater,3
PLOP06,1,whaser,1
PLOP06,1,yentul,4
PLOP06,2,badpia,4
PLOP06,2,sodeul,1
PLOP06,2,whaser,1
PLOP06,2,yentul,1
PLOP06,3,badpia,6
PLOP06,3,coamck,2
PLOP06,3,leucal,1
PLOP06,3,loedet,1
PLOP06,3,sudfil,1
PLOP06,3,whaser,3
PLOP06,3,yentul,3
PLOP06,3,zeeve,1
PLOP06,4,asorrd,1
PLOP06,4,badpia,1
PLOP06,4,blater,1
PLOP06,4,leucal,1
PLOP06,4,loedke,1
PLOP06,4,sodeul,2
PLOP06,4,sudfil,1
PLOP06,4,whaser,1
PLOP06,4,yentul,6
PLOP06,4,zeeve,3
PLOP08,1,asorrd,2
PLOP08,1,badpia,6
PLOP08,1,sodeul,1
PLOP08,1,yentul,5
PLOP08,1,zeeve,1
PLOP08,2,asorrd,2
PLOP08,2,badpia,1
PLOP08,2,gredve,1
PLOP08,2,yentul,9
PLOP08,3,badpia,6
PLOP08,3,yentul,2
PLOP08,4,asorrd,3
PLOP08,4,badpia,7
PLOP08,4,plecoo,1
PLOP08,4,ramaha,1
PLOP08,4,sodeul,2
PLOP08,4,yentul,2
PLOP09,1,asorrd,2
PLOP09,1,badpia,3
PLOP09,1,corara,1
PLOP09,1,eapove,1
PLOP09,1,piedon,1
PLOP09,1,sodeul,3
PLOP09,1,sumyer,1
PLOP09,1,whaser,1
PLOP09,1,yentul,2
PLOP09,1,zeeve,1
PLOP09,2,badpia,2
PLOP09,2,cokier,1
PLOP09,2,olgeul,2
PLOP09,2,ruilrd,1
PLOP09,2,yentul,5
PLOP09,2,zeeve,1
PLOP09,3,badpia,3
PLOP09,3,eapove,1
PLOP09,3,groual,1
PLOP09,3,loedke,1
PLOP09,3,sudfil,1
PLOP09,3,yentul,2
PLOP09,3,zeeve,2
PLOP09,4,asorrd,2
PLOP09,4,badpia,2
PLOP09,4,sodeul,1
PLOP09,4,whaser,1
PLOP09,4,yentul,3
PLOP09,4,zeeve,2
PLOP10,1,badpia,6
PLOP10,1,sodeul,2
PLOP10,1,whaser,3
PLOP10,1,yentul,2
PLOP10,1,zeeve,1
PLOP10,2,badpia,6
PLOP10,2,baloow,1
PLOP10,2,eapove,2
PLOP10,2,sudfil,1
PLOP10,2,whaser,2
PLOP10,2,yentul,5
PLOP10,2,zeeve,2
PLOP10,3,badpia,7
PLOP10,3,sodeul,2
PLOP10,3,sudfil,1
PLOP10,3,yentul,3
PLOP10,3,zeeve,2
PLOP10,4,yentul,3
PLOP12,1,asorrd,1
PLOP12,1,badpia,4
PLOP12,1,eapove,1
PLOP12,1,sudfil,1
PLOP12,1,yentul,6
PLOP12,1,zeeve,2
PLOP12,2,asorrd,2
PLOP12,2,badpia,1
PLOP12,2,whaser,1
PLOP12,2,yentul,2
PLOP12,2,zeeve,1
PLOP12,3,asorrd,1
PLOP12,3,badpia,1
PLOP12,3,eapove,2
PLOP12,3,sudfil,1
PLOP12,3,yentul,8
PLOP12,4,asorrd,1
PLOP12,4,badpia,3
PLOP12,4,eapove,1
PLOP12,4,loedke,1
PLOP12,4,sudfil,1
PLOP12,4,whaser,1
PLOP12,4,yentul,6
PLOP12,4,zeeve,1
PLOP13,1,badpia,3
PLOP13,1,sodeul,1
PLOP13,1,whaser,3
PLOP13,1,yentul,6
PLOP13,1,zeeve,2
PLOP13,2,asorrd,1
PLOP13,2,badpia,4
PLOP13,2,coamck,1
PLOP13,2,eapove,1
PLOP13,2,whaser,1
PLOP13,2,yentul,3
PLOP13,2,zeeve,1
PLOP13,3,asorrd,4
PLOP13,3,badpia,6
PLOP13,3,eapove,3
PLOP13,3,whaser,1
PLOP13,3,yentul,4
PLOP13,3,zeeve,1
PLOP13,4,asorrd,3
PLOP13,4,badpia,5
PLOP13,4,eapove,5
PLOP13,4,sudfil,2
PLOP13,4,yentul,2
PLOP13,4,zeeve,2
PLOP14,1,asorrd,2
PLOP14,1,badpia,5
PLOP14,1,coamck,1
PLOP14,1,yentul,5
PLOP14,2,asorrd,5
PLOP14,2,badpia,5
PLOP14,2,coamck,1
PLOP14,2,yentul,7
PLOP14,2,zeeve,1
PLOP14,3,asorrd,5
PLOP14,3,badpia,3
PLOP14,3,eapove,1
PLOP14,3,loedke,1
PLOP14,3,sudfil,1
PLOP14,3,yentul,8
PLOP14,3,zeeve,1
PLOP14,4,asorrd,1
PLOP14,4,badpia,4
PLOP14,4,sudfil,1
PLOP14,4,whaser,1
PLOP14,4,yentul,3
PLOP14,4,zeeve,1
PLOP15,1,asorrd,1
PLOP15,1,badpia,5
PLOP15,1,eapove,1
PLOP15,1,jaana,2
PLOP15,1,sodeul,1
PLOP15,1,yentul,1
PLOP15,1,zeeve,4
PLOP15,2,asorrd,3
PLOP15,2,badpia,6
PLOP15,2,eapove,1
PLOP15,2,jaana,1
PLOP15,2,piedon,1
PLOP15,2,slilow,3
PLOP15,2,sodeul,1
PLOP15,2,sudfil,2
PLOP15,2,whaser,1
PLOP15,2,yentul,2
PLOP15,2,zeeve,4
PLOP15,3,asorrd,2
PLOP15,3,badpia,6
PLOP15,3,eapove,1
PLOP15,3,sodeul,3
PLOP15,3,whaser,2
PLOP15,3,yentul,1
PLOP15,4,asorrd,3
PLOP15,4,badpia,6
PLOP15,4,collna,3
PLOP15,4,eapove,1
PLOP15,4,gredve,1
PLOP15,4,whaser,1
PLOP15,4,yentul,1
PLOP15,4,zeeve,1
PLOP16,1,badpia,5
PLOP16,1,broard,2
PLOP16,1,sumyer,1
PLOP16,1,yentul,5
PLOP16,1,zeeve,1
PLOP16,2,asorrd,2
PLOP16,2,badpia,5
PLOP16,2,corara,1
PLOP16,2,yentul,4
PLOP16,2,zeeve,1
PLOP16,3,asorrd,4
PLOP16,3,badpia,3
PLOP16,3,eapove,2
PLOP16,3,sodeul,2
PLOP16,3,sudfil,1
PLOP16,3,whaser,3
PLOP16,3,yentul,6
PLOP16,3,zeeve,1
PLOP16,4,asorrd,1
PLOP16,4,badpia,4
PLOP16,4,eapove,1
PLOP16,4,loedke,1
PLOP16,4,sodeul,2
PLOP16,4,whaser,1
PLOP16,4,yentul,2
PLOP16,4,zeeve,3
PROP01,1,asorrd,4
PROP01,1,badpia,1
PROP01,1,olkerd,1
PROP01,1,ruilrd,1
PROP01,1,yentul,2
PROP01,1,zeeve,1
PROP01,2,asorrd,1
PROP01,2,badpia,2
PROP01,2,ruilrd,1
PROP01,2,sudfil,1
PROP01,2,whaser,1
PROP01,2,yellia,2
PROP01,2,yentul,3
PROP01,2,zeeve,1
PROP01,3,asorrd,3
PROP01,3,badpia,2
PROP01,3,ruilrd,1
PROP01,3,sudfil,2
PROP01,3,yentul,5
PROP01,4,asorrd,2
PROP01,4,badpia,2
PROP01,4,broard,1
PROP01,4,chlele,1
PROP01,4,corara,1
PROP01,4,olgeul,1
PROP01,4,ramaha,1
PROP01,4,sudfil,1
PROP01,4,yellia,2
PROP01,4,yentul,5
PROP01,4,zeeve,3
PROP02,1,asorrd,1
PROP02,1,badpia,3
PROP02,1,sodeul,1
PROP02,1,yentul,5
PROP02,2,asorrd,2
PROP02,2,badpia,3
PROP02,2,coamck,1
PROP02,2,eapove,1
PROP02,2,olkerd,1
PROP02,2,sudfil,1
PROP02,2,whaser,2
PROP02,2,yentul,7
PROP02,3,asorrd,1
PROP02,3,badpia,3
PROP02,3,eapove,2
PROP02,3,jaana,2
PROP02,3,olkerd,1
PROP02,3,yentul,1
PROP02,3,zeeve,1
PROP02,4,asorrd,2
PROP02,4,badpia,7
PROP02,4,broard,1
PROP02,4,eapove,1
PROP02,4,jaana,1
PROP02,4,ruilrd,2
PROP02,4,yentul,5
PROP03,1,asorrd,3
PROP03,1,badpia,4
PROP03,1,eapove,1
PROP03,1,sudfil,2
PROP03,1,yentul,3
PROP03,2,asorrd,2
PROP03,2,badpia,3
PROP03,2,jaana,1
PROP03,2,sudfil,1
PROP03,2,whaser,2
PROP03,2,yentul,6
PROP03,3,asorrd,3
PROP03,3,badpia,4
PROP03,3,coamck,6
PROP03,3,ruilrd,1
PROP03,3,stleer,1
PROP03,3,yentul,8
PROP03,3,zeeve,1
PROP03,4,asorrd,2
PROP03,4,badpia,6
PROP03,4,coamck,1
PROP03,4,eapove,2
PROP03,4,loedke,1
PROP03,4,ruilrd,1
PROP03,4,whaser,3
PROP03,4,yentul,5
PROP03,4,zeeve,1
PROP04,1,asorrd,2
PROP04,1,badpia,3
PROP04,1,sudfil,2
PROP04,1,whaser,1
PROP04,1,yentul,5
PROP04,2,asorrd,1
PROP04,2,badpia,3
PROP04,2,ruilrd,1
PROP04,2,yentul,3
PROP04,3,asorrd,2
PROP04,3,badpia,5
PROP04,3,eapove,2
PROP04,3,olkerd,1
PROP04,3,ruilrd,1
PROP04,3,sudfil,2
PROP04,3,whaser,1
PROP04,3,yentul,7
PROP04,4,badpia,4
PROP04,4,sodeul,1
PROP04,4,sudfil,2
PROP04,4,yentul,3
PROP04,4,zeeve,1
PROP05,1,badpia,3
PROP05,1,yentul,4
PROP05,2,badpia,1
PROP05,2,eapove,1
PROP05,2,olkerd,1
PROP05,2,sudfil,1
PROP05,2,whaser,1
PROP05,2,yentul,6
PROP05,2,zeeve,3
PROP05,3,asorrd,1
PROP05,3,badpia,2
PROP05,3,crunrd,3
PROP05,3,ruilrd,1
PROP05,3,yentul,8
PROP05,4,asorrd,2
PROP05,4,badpia,1
PROP05,4,eapove,1
PROP05,4,sudfil,1
PROP05,4,whaser,4
PROP05,4,yemper,1
PROP05,4,yentul,3
PROP05,4,zeeve,1
PROP06,1,asorrd,2
PROP06,1,badpia,4
PROP06,1,sudfil,1
PROP06,1,whaser,1
PROP06,1,yentul,4
PROP06,2,asorrd,2
PROP06,2,badpia,4
PROP06,2,jaana,1
PROP06,2,whaser,4
PROP06,2,yentul,2
PROP06,2,zeeve,1
PROP06,3,asorrd,4
PROP06,3,badpia,3
PROP06,3,yentul,4
PROP06,4,asorrd,4
PROP06,4,badpia,2
PROP06,4,ruilrd,2
PROP06,4,sudfil,1
PROP06,4,whaser,1
PROP06,4,yentul,8
PROP07,1,asorrd,2
PROP07,1,badpia,1
PROP07,1,broard,2
PROP07,1,cokier,2
PROP07,1,collna,1
PROP07,1,olkerd,1
PROP07,1,sudfil,1
PROP07,1,whaser,1
PROP07,1,yentul,4
PROP07,2,asorrd,1
PROP07,2,badpia,3
PROP07,2,yentul,5
PROP07,2,zeeve,1
PROP07,3,asorrd,2
PROP07,3,badpia,1
PROP07,3,sudfil,1
PROP07,3,whaser,2
PROP07,3,yentul,2
PROP07,3,zeeve,1
PROP07,4,asorrd,4
PROP07,4,badpia,2
PROP07,4,sudfil,2
PROP07,4,whaser,1
PROP07,4,yentul,2
PROP07,4,zeeve,1
PROP08,1,badpia,3
PROP08,1,yentul,1
PROP08,2,badpia,2
PROP08,2,whaser,1
PROP08,2,yentul,5
PROP08,3,badpia,3
PROP08,4,badpia,2
PROP08,4,yentul,3
PROP09,1,asorrd,1
PROP09,1,crreer,1
PROP09,1,eapove,1
PROP09,1,loedke,1
PROP09,1,plweer,1
PROP09,1,whaser,1
PROP09,1,yentul,4
PROP09,2,asorrd,1
PROP09,2,badpia,2
PROP09,2,crreer,1
PROP09,2,ruilrd,1
PROP09,2,whaser,1
PROP09,2,yentul,6
PROP09,3,asorrd,2
PROP09,3,badpia,4
PROP09,3,yentul,4
PROP09,4,asorrd,1
PROP09,4,badpia,1
PROP09,4,eapove,1
PROP09,4,yentul,6
PROP10,1,asorrd,2
PROP10,1,badpia,5
PROP10,1,eapove,1
PROP10,1,sudfil,2
PROP10,1,yentul,3
PROP10,2,asorrd,1
PROP10,2,badpia,3
PROP10,2,crreer,1
PROP10,2,eapove,1
PROP10,2,sudfil,2
PROP10,2,whaser,1
PROP10,2,yentul,6
PROP10,3,asorrd,2
PROP10,3,badpia,4
PROP10,3,eapove,2
PROP10,3,sudfil,1
PROP10,3,yentul,3
PROP10,4,asorrd,2
PROP10,4,badpia,3
PROP10,4,sudfil,1
PROP10,4,yellia,1
PROP10,4,yentul,2
PROP11,1,asorrd,3
PROP11,1,badpia,2
PROP11,1,sudfil,2
PROP11,1,whaser,1
PROP11,1,yentul,4
PROP11,2,asorrd,3
PROP11,2,badpia,2
PROP11,2,sudfil,2
PROP11,2,yellia,2
PROP11,2,yentul,5
PROP11,3,sudfil,2
PROP11,3,whasen,1
PROP11,3,yentul,3
PROP11,4,asorrd,3
PROP11,4,badpia,1
PROP11,4,sudfil,1
PROP11,4,yentul,4
PROP12,1,badpia,4
PROP12,1,sudfil,1
PROP12,1,yentul,1
PROP12,2,asorrd,2
PROP12,2,badpia,2
PROP12,2,ruilrd,1
PROP12,2,sudfil,1
PROP12,2,yentul,4
PROP12,2,zeeve,1
PROP12,3,asorrd,2
PROP12,3,badpia,4
PROP12,3,daedrd,1
PROP12,3,leucal,1
PROP12,3,ruilrd,1
PROP12,3,sudfil,1
PROP12,3,whaser,1
PROP12,3,yentul,3
PROP12,3,zeeve,1
PROP12,4,asorrd,4
PROP12,4,badpia,8
PROP12,4,eapove,1
PROP12,4,sudfil,1
PROP12,4,yentul,2
PROP13,1,badpia,3
PROP13,1,baglwl,2
PROP13,1,ruilrd,1
PROP13,1,sudfil,2
PROP13,2,asorrd,2
PROP13,2,badpia,1
PROP13,2,baglwl,1
PROP13,2,ruilrd,1
PROP13,2,yentul,4
PROP13,3,asorrd,2
PROP13,3,badpia,4
PROP13,3,baglwl,1
PROP13,3,eapove,2
PROP13,3,leucal,1
PROP13,3,ruilrd,3
PROP13,3,yentul,4
PROP13,3,zeeve,2
PROP13,4,asorrd,2
PROP13,4,badpia,2
PROP13,4,plweer,1
PROP13,4,ruilrd,1
PROP13,4,sudfil,1
PROP13,4,yentul,5
SWOP01,1,asorrd,1
SWOP01,1,badpia,7
SWOP01,1,daedrd,1
SWOP01,1,eapove,3
SWOP01,1,loedke,1
SWOP01,1,sudfil,1
SWOP01,1,whaser,2
SWOP01,1,yentul,6
SWOP01,1,zeeve,3
SWOP01,2,asorrd,3
SWOP01,2,badpia,2
SWOP01,2,eapove,1
SWOP01,2,jaana,2
SWOP01,2,sudfil,3
SWOP01,2,whaser,1
SWOP01,2,yentul,4
SWOP01,2,zeeve,1
SWOP01,3,asorrd,4
SWOP01,3,badpia,4
SWOP01,3,jaana,2
SWOP01,3,loedke,1
SWOP01,3,sudfil,2
SWOP01,3,whaser,1
SWOP01,3,yentul,2
SWOP01,3,zeeve,1
SWOP01,4,badpia,2
SWOP01,4,eapove,1
SWOP01,4,jaana,2
SWOP01,4,whaser,2
SWOP01,4,yentul,5
SWOP01,4,zeeve,1
SWOP02,1,asorrd,2
SWOP02,1,eapove,1
SWOP02,1,loedke,2
SWOP02,1,ruilrd,2
SWOP02,1,sudfil,2
SWOP02,1,whaser,1
SWOP02,1,yentul,5
SWOP02,1,zeeve,3
SWOP02,2,eapove,2
SWOP02,2,whaser,12
SWOP02,2,yentul,4
SWOP02,2,zeeve,1
SWOP02,3,asorrd,3
SWOP02,3,badpia,6
SWOP02,3,eapove,2
SWOP02,3,loedke,1
SWOP02,3,yentul,8
SWOP02,3,zeeve,2
SWOP02,4,badpia,4
SWOP02,4,reefwl,1
SWOP02,4,sudfil,1
SWOP02,4,yentul,6
SWOP03,1,asorrd,1
SWOP03,1,badpia,2
SWOP03,1,eapove,1
SWOP03,1,groual,1
SWOP03,1,sodeul,1
SWOP03,1,sudfil,2
SWOP03,1,yentul,3
SWOP03,2,asorrd,2
SWOP03,2,badpia,3
SWOP03,2,corara,2
SWOP03,2,sudfil,1
SWOP03,2,sumyer,1
SWOP03,2,whaser,1
SWOP03,2,yentul,8
SWOP03,3,badpia,5
SWOP03,3,olkerd,1
SWOP03,3,whaser,1
SWOP03,3,yentul,7
SWOP03,3,zeeve,3
SWOP03,4,badpia,2
SWOP03,4,blneot,1
SWOP03,4,sudfil,1
SWOP03,4,yentul,2
SWOP03,4,zeeve,3
SWOP04,1,blgete,2
SWOP04,1,broard,1
SWOP04,1,eapove,2
SWOP04,1,sodeul,6
SWOP04,1,yentul,3
SWOP04,2,blgete,2
SWOP04,2,reefwl,1
SWOP04,2,whaser,1
SWOP04,2,yellia,1
SWOP04,2,yentul,5
SWOP04,2,zeeve,3
SWOP04,3,broard,1
SWOP04,3,corara,1
SWOP04,3,eapove,3
SWOP04,3,groual,1
SWOP04,3,leucal,1
SWOP04,3,loedke,2
SWOP04,3,piedon,1
SWOP04,3,reefwl,1
SWOP04,3,ruoder,1
SWOP04,3,sumyer,1
SWOP04,3,whasen,1
SWOP04,3,whaser,3
SWOP04,3,yentul,11
SWOP04,4,badpia,3
SWOP04,4,blgete,1
SWOP04,4,eapove,1
SWOP04,4,loedke,1
SWOP04,4,reefwl,1
SWOP04,4,whasen,2
SWOP04,4,yentul,4
SWOP04,4,zeeve,1
SWOP05,1,asorrd,3
SWOP05,1,badpia,4
SWOP05,1,sodeul,11
SWOP05,1,sudfil,1
SWOP05,1,yellia,2
SWOP05,1,yentul,5
SWOP05,1,zeeve,1
SWOP05,2,badpia,4
SWOP05,2,coamck,1
SWOP05,2,eapove,1
SWOP05,2,olkerd,1
SWOP05,2,sudfil,2
SWOP05,2,whasen,1
SWOP05,2,yentul,7
SWOP05,3,asorrd,4
SWOP05,3,badpia,3
SWOP05,3,sudfil,3
SWOP05,3,whasen,3
SWOP05,3,whaser,1
SWOP05,3,yentul,4
SWOP05,3,zeeve,1
SWOP05,4,asorrd,2
SWOP05,4,badpia,2
SWOP05,4,eapove,1
SWOP05,4,sudfil,3
SWOP05,4,whaser,1
SWOP05,4,yellia,1
SWOP05,4,yentul,4
SWOP06,1,badpia,5
SWOP06,1,eapove,3
SWOP06,1,lalear,1
SWOP06,1,loedke,1
SWOP06,1,olkerd,1
SWOP06,1,whaser,3
SWOP06,1,yentul,9
SWOP06,1,zeeve,1
SWOP06,2,badpia,4
SWOP06,2,coamck,1
SWOP06,2,groual,1
SWOP06,2,loedke,1
SWOP06,2,sudfil,1
SWOP06,2,whaser,1
SWOP06,2,yentul,9
SWOP06,3,asorrd,1
SWOP06,3,badpia,5
SWOP06,3,eapove,1
SWOP06,3,sudfil,1
SWOP06,3,whaser,1
SWOP06,3,yentul,7
SWOP06,3,zeeve,1
SWOP06,4,asorrd,1
SWOP06,4,yentul,3
SWOP07,1,asorrd,1
SWOP07,1,badpia,6
SWOP07,1,whaser,1
SWOP07,1,yentul,4
SWOP07,2,asorrd,2
SWOP07,2,badpia,3
SWOP07,2,sudfil,1
SWOP07,2,whaser,2
SWOP07,2,yentul,3
SWOP07,3,asorrd,2
SWOP07,3,badpia,2
SWOP07,3,eapove,1
SWOP07,3,leucal,1
SWOP07,3,slilow,1
SWOP07,3,sudfil,1
SWOP07,3,whasen,1
SWOP07,3,whaser,1
SWOP07,3,yentul,2
SWOP07,3,zeeve,1
SWOP07,4,badpia,4
SWOP07,4,jaana,2
SWOP07,4,yentul,4
SWOP08,1,asorrd,1
SWOP08,1,badpia,3
SWOP08,1,eapove,1
SWOP08,1,ruilrd,1
SWOP08,1,sudfil,1
SWOP08,1,yentul,8
SWOP08,2,asorrd,2
SWOP08,2,badpia,1
SWOP08,2,eapove,2
SWOP08,2,yellia,1
SWOP08,2,yentul,9
SWOP08,2,zeeve,1
SWOP08,3,eapove,5
SWOP08,3,ruilrd,1
SWOP08,3,yellia,1
SWOP08,3,yentul,6
SWOP08,4,whaser,1
SWOP08,4,yellia,1
SWOP08,4,yentul,3
SWOP08,4,zeeve,1
SWOP09,1,asorrd,4
SWOP09,1,badpia,2
SWOP09,1,loedke,1
SWOP09,1,whasen,2
SWOP09,1,whaser,1
SWOP09,1,yentul,4
SWOP09,2,badpia,2
SWOP09,2,groual,1
SWOP09,2,leucal,1
SWOP09,2,reefwl,1
SWOP09,2,whaser,1
SWOP09,2,yentul,5
SWOP09,2,zeeve,2
SWOP09,3,asorrd,2
SWOP09,3,badpia,2
SWOP09,3,yentul,2
SWOP09,4,badpia,3
SWOP09,4,yentul,5
SWOP10,1,asorrd,1
SWOP10,1,badpia,2
SWOP10,1,plweer,1
SWOP10,1,stleer,1
SWOP10,1,whasen,1
SWOP10,1,whaser,1
SWOP10,1,yentul,5
SWOP10,2,badpia,1
SWOP10,2,whaser,2
SWOP10,2,yentul,2
SWOP10,2,zeeve,1
SWOP10,3,asorrd,1
SWOP10,3,badpia,2
SWOP10,3,whaser,2
SWOP10,3,yentul,3
SWOP10,4,asorrd,1
SWOP10,4,badpia,4
SWOP10,4,yentul,1
SWOP12,1,asorrd,2
SWOP12,1,badpia,4
SWOP12,1,yentul,6
SWOP12,2,asorrd,1
SWOP12,2,badpia,6
SWOP12,2,sudfil,1
SWOP12,2,whaser,1
SWOP12,2,yentul,3
SWOP12,3,asorrd,2
SWOP12,3,badpia,1
SWOP12,3,whaser,2
SWOP12,3,yentul,3
SWOP12,4,asorrd,2
SWOP12,4,badpia,5
SWOP12,4,sudfil,1
SWOP12,4,yentul,4
SWOP12,4,zeeve,2
SWOP13,1,asorrd,3
SWOP13,1,badpia,6
SWOP13,1,eapove,1
SWOP13,1,sudfil,2
SWOP13,1,whaser,1
SWOP13,1,yentul,4
SWOP13,1,zeeve,1
SWOP13,2,badpia,4
SWOP13,2,whaser,1
SWOP13,2,yentul,4
SWOP13,2,zeeve,1
SWOP13,3,badpia,4
SWOP13,3,whaser,1
SWOP13,3,yentul,6
SWOP13,4,asorrd,2
SWOP13,4,badpia,5
SWOP13,4,eapove,2
SWOP13,4,sudfil,1
SWOP13,4,whaser,1
SWOP13,4,yentul,8
SWOP13,4,zeeve,1
SWOP14,1,asorrd,1
SWOP14,1,badpia,3
SWOP14,1,corara,2
SWOP14,1,sudfil,1
SWOP14,1,sumyer,1
SWOP14,1,whasen,1
SWOP14,1,whaser,2
SWOP14,1,yentul,4
SWOP14,2,asorrd,4
SWOP14,2,badpia,3
SWOP14,2,yentul,2
SWOP14,3,asorrd,4
SWOP14,3,badpia,5
SWOP14,3,coamck,1
SWOP14,3,corara,1
SWOP14,3,slilow,1
SWOP14,3,sudfil,1
SWOP14,3,whasen,1
SWOP14,3,yentul,8
SWOP14,3,zeeve,1
SWOP14,4,badpia,8
SWOP14,4,eapove,1
SWOP14,4,piedon,1
SWOP14,4,sudfil,1
SWOP14,4,yentul,8
