Plot_ID,Total_weighted_mass
FOR01,1084.93
FOR02,1909.97
FOR03,11616.86
FOR04,3795.01
FOR05,3072.65
FOR10,2863.4
FOR11,1892.06
FOR12,1845.81
FOR13,37061.08
FOR14,3662.87
FOR15,2944.99
FOR20,2823.38
FOR21,2103.15
FOR22,8406.1
FOR23,1657.77
FOR24,5697.71
FOR40,2852.59
FOR41,59358.96
FOR42,34315.66
FOR43,7364.5199999999995
FOR44,2369.15
PLOP01,3795.9
PLOP02,2613.2
PLOP03,3715.29
PLOP04,3651.7
PLOP05,1591.99
PLOP06,1632
PLOP08,1027.3
PLOP09,1631.39
PLOP10,2218.2
PLOP12,1090
PLOP13,1939.8
PLOP14,1327.8
PLOP15,6353.86
PLOP16,1610.72
PROP01,2705.97
PROP02,1595.38
PROP03,2831.23
PROP04,1670.39
PROP05,1499.4
PROP06,1152.83
PROP07,1154.27
PROP08,287
PROP09,1042.2
PROP10,959.6
PROP11,1002
PROP12,756.48
PROP13,2885.4
SWOP01,1907.8
SWOP02,4337.4
SWOP03,1767.8700000000001
SWOP04,7156.17
SWOP05,8441.99
SWOP06,2283.09
SWOP07,1937.72
SWOP08,1772.2
SWOP09,3896.1
SWOP10,979.6
SWOP12,995.8000000000001
SWOP13,1672.2
SWOP14,2214.4
