Plot_ID,Diet,Max_abun
FOR01,FruiNect,5
FOR01,Invertebrate,12
FOR01,Omnivore,5
FOR02,FruiNect,2
FOR02,Invertebrate,11
FOR02,Omnivore,4
FOR03,FruiNect,4
FOR03,Invertebrate,16
FOR03,Omnivore,4
FOR04,FruiNect,4
FOR04,Invertebrate,13
FOR04,Omnivore,2
FOR05,FruiNect,2
FOR05,Invertebrate,24
FOR05,Omnivore,5
FOR10,FruiNect,7
FOR10,Invertebrate,22
FOR10,Omnivore,5
FOR11,FruiNect,4
FOR11,Invertebrate,17
FOR11,Omnivore,3
FOR12,FruiNect,3
FOR12,Invertebrate,12
FOR12,Omnivore,4
FOR13,FruiNect,6
FOR13,Invertebrate,23
FOR13,Omnivore,1
FOR14,FruiNect,3
FOR14,Invertebrate,23
FOR14,Omnivore,6
FOR15,FruiNect,4
FOR15,Invertebrate,16
FOR15,Omnivore,5
FOR20,FruiNect,4
FOR20,Invertebrate,17
FOR20,Omnivore,3
FOR21,FruiNect,5
FOR21,Invertebrate,14
FOR21,Omnivore,2
FOR22,FruiNect,5
FOR22,Invertebrate,25
FOR22,Omnivore,5
FOR22,VertFishScav,2
FOR23,FruiNect,7
FOR23,Invertebrate,15
FOR23,Omnivore,5
FOR24,FruiNect,6
FOR24,Invertebrate,14
FOR24,Omnivore,2
FOR40,FruiNect,9
FOR40,Granivore,1
FOR40,Invertebrate,14
FOR40,Omnivore,1
FOR41,FruiNect,10
FOR41,Invertebrate,24
FOR41,Omnivore,30
FOR41,VertFishScav,1
FOR42,FruiNect,7
FOR42,Invertebrate,27
FOR42,Omnivore,7
FOR42,VertFishScav,4
FOR43,FruiNect,4
FOR43,Invertebrate,33
FOR43,Omnivore,4
FOR43,VertFishScav,3
FOR44,FruiNect,4
FOR44,Invertebrate,23
FOR44,Omnivore,5
PLOP01,FruiNect,7
PLOP01,Granivore,3
PLOP01,Invertebrate,8
PLOP01,Omnivore,3
PLOP01,VertFishScav,2
PLOP02,FruiNect,9
PLOP02,Granivore,8
PLOP02,Invertebrate,13
PLOP02,Omnivore,3
PLOP02,VertFishScav,3
PLOP03,FruiNect,7
PLOP03,Granivore,7
PLOP03,Invertebrate,9
PLOP03,Omnivore,4
PLOP03,VertFishScav,8
PLOP04,FruiNect,8
PLOP04,Granivore,4
PLOP04,Invertebrate,12
PLOP04,Omnivore,6
PLOP04,VertFishScav,3
PLOP05,FruiNect,8
PLOP05,Granivore,4
PLOP05,Invertebrate,10
PLOP05,Omnivore,1
PLOP05,VertFishScav,3
PLOP06,FruiNect,6
PLOP06,Granivore,3
PLOP06,Invertebrate,10
PLOP06,Omnivore,2
PLOP06,VertFishScav,3
PLOP08,FruiNect,9
PLOP08,Granivore,1
PLOP08,Invertebrate,12
PLOP08,Omnivore,2
PLOP09,FruiNect,7
PLOP09,Granivore,3
PLOP09,Invertebrate,7
PLOP09,Omnivore,3
PLOP09,VertFishScav,1
PLOP10,FruiNect,5
PLOP10,Granivore,4
PLOP10,Invertebrate,8
PLOP10,Omnivore,2
PLOP10,VertFishScav,3
PLOP12,FruiNect,8
PLOP12,Granivore,3
PLOP12,Invertebrate,6
PLOP12,VertFishScav,1
PLOP13,FruiNect,6
PLOP13,Granivore,7
PLOP13,Invertebrate,10
PLOP13,Omnivore,1
PLOP13,VertFishScav,3
PLOP14,FruiNect,8
PLOP14,Granivore,2
PLOP14,Invertebrate,11
PLOP14,VertFishScav,1
PLOP15,FruiNect,3
PLOP15,Granivore,5
PLOP15,Invertebrate,11
PLOP15,Omnivore,5
PLOP15,VertFishScav,2
PLOP16,FruiNect,6
PLOP16,Granivore,4
PLOP16,Invertebrate,8
PLOP16,Omnivore,2
PLOP16,VertFishScav,3
PROP01,FruiNect,6
PROP01,Granivore,3
PROP01,Invertebrate,10
PROP01,VertFishScav,1
PROP02,FruiNect,8
PROP02,Granivore,3
PROP02,Invertebrate,12
PROP02,Omnivore,2
PROP02,VertFishScav,2
PROP03,FruiNect,8
PROP03,Granivore,3
PROP03,Invertebrate,14
PROP03,Omnivore,1
PROP03,VertFishScav,3
PROP04,FruiNect,8
PROP04,Granivore,2
PROP04,Invertebrate,10
PROP04,Omnivore,1
PROP04,VertFishScav,1
PROP05,FruiNect,8
PROP05,Granivore,4
PROP05,Invertebrate,5
PROP05,Omnivore,3
PROP05,VertFishScav,4
PROP06,FruiNect,8
PROP06,Granivore,1
PROP06,Invertebrate,9
PROP06,Omnivore,1
PROP06,VertFishScav,4
PROP07,FruiNect,5
PROP07,Granivore,1
PROP07,Invertebrate,8
PROP07,Omnivore,1
PROP07,VertFishScav,2
PROP08,FruiNect,5
PROP08,Invertebrate,3
PROP08,VertFishScav,1
PROP09,FruiNect,7
PROP09,Granivore,1
PROP09,Invertebrate,6
PROP09,VertFishScav,1
PROP10,FruiNect,7
PROP10,Granivore,2
PROP10,Invertebrate,9
PROP10,VertFishScav,1
PROP11,FruiNect,5
PROP11,Invertebrate,9
PROP11,Omnivore,1
PROP11,VertFishScav,1
PROP12,FruiNect,4
PROP12,Granivore,1
PROP12,Invertebrate,13
PROP12,VertFishScav,1
PROP13,FruiNect,6
PROP13,Granivore,4
PROP13,Invertebrate,11
SWOP01,FruiNect,6
SWOP01,Granivore,6
SWOP01,Invertebrate,11
SWOP01,Omnivore,2
SWOP01,VertFishScav,2
SWOP02,FruiNect,8
SWOP02,Granivore,4
SWOP02,Invertebrate,10
SWOP02,Omnivore,1
SWOP02,VertFishScav,12
SWOP03,FruiNect,8
SWOP03,Granivore,3
SWOP03,Invertebrate,9
SWOP03,Omnivore,2
SWOP03,VertFishScav,1
SWOP04,FruiNect,12
SWOP04,Granivore,3
SWOP04,Invertebrate,7
SWOP04,Omnivore,6
SWOP04,VertFishScav,3
SWOP05,FruiNect,8
SWOP05,Granivore,1
SWOP05,Invertebrate,10
SWOP05,Omnivore,11
SWOP05,VertFishScav,1
SWOP06,FruiNect,10
SWOP06,Granivore,4
SWOP06,Invertebrate,7
SWOP06,Omnivore,1
SWOP06,VertFishScav,3
SWOP07,FruiNect,4
SWOP07,Granivore,2
SWOP07,Invertebrate,7
SWOP07,Omnivore,2
SWOP07,VertFishScav,2
SWOP08,FruiNect,9
SWOP08,Granivore,5
SWOP08,Invertebrate,6
SWOP08,VertFishScav,1
SWOP09,FruiNect,5
SWOP09,Granivore,2
SWOP09,Invertebrate,7
SWOP09,Omnivore,2
SWOP09,VertFishScav,1
SWOP10,FruiNect,6
SWOP10,Granivore,1
SWOP10,Invertebrate,5
SWOP10,Omnivore,1
SWOP10,VertFishScav,2
SWOP12,FruiNect,6
SWOP12,Granivore,2
SWOP12,Invertebrate,8
SWOP12,VertFishScav,2
SWOP13,FruiNect,8
SWOP13,Granivore,3
SWOP13,Invertebrate,11
SWOP13,VertFishScav,1
SWOP14,FruiNect,9
SWOP14,Granivore,1
SWOP14,Invertebrate,12
SWOP14,Omnivore,2
SWOP14,VertFishScav,2
