ele,Plot_ID,Site_short,Habitat,Peat_depth,pH_Mean,pH_SD,pH_SE,pH_UpCI,pH_LoCI,UD_Mean,UD_SD,UD_SE,UD_UpCI,UD_LoCI,VH_Mean,VH_SD,VH_SE,VH_UpCI,VH_LoCI,VC_Mean,VC_SD,VC_SE,VC_UpCI,VC_LoCI,MC_Mean,MC_SD,MC_SE,MC_UpCI,MC_LoCI,Fall_lean_sum,Fall_lean_dens,Sprich_OP_trees,Count_OP_trees,Dens_OP_trees_ha,Sprich_OP_trees_ha,Basal_OP_trees,Basal_OP_trees_ha,OP_stems,OP_density_ha,Wat_min_cm,Wat_max_cm,Wat_mean_cm,Wat_SD_cm,Wat_n_rec,Wat_n_rec_sub_40,Wat_n_rec_sub_20,Wat_n_rec_sub_10,Wat_n_rec_sub_grnd,Wat_n_rec_above_grnd,Wat_sub_40_prop,Wat_sub_20_prop,Wat_sub_grnd_prop,For_dist,Scr_dist,For_block_dist,Annual_yield,LAI,Canopy,Site,Site_order,UD_I_Mean,Veg_PC1,Veg_PC2,Area_ha_reported,Year_planted,Total_oil_palm_plants,Oil_palm_density_ha_reported,Origin_quality,Fertiliser,Fertiliser_freq_per_year,Fert_sufficiency,Dolomite,Pesticide,Herbicide,Herbicide_frew_EWT,Frond_removal,Harvest_freq_per_month,OP_age,Annual_yield_LOG
9.297785,PLOP01,PLO,Oil palm,4.23,3.686,0.351894871,0.15737217,3.994449454,3.377550546,18.5,1.290994449,0.645497224,19.76517456,17.23482544,7.5,5,2.5,12.4,2.6,3.75,2.986078811,1.493039406,6.676357235,0.823642765,57.75,48.8287825,24.41439125,105.6022068,9.897793154,0,0,0,0,0,0,0,0,20,15.91549431,-134,4,-21.29166667,36.97411453,24,3,6,11,19,5,0.125,0.25,0.791666667,780.886739,455.542081,895.045241,10.8,2.99,0.7,Site 2,3,1.5,-2.961965086,-0.535919225,5,2005,650,130,Local,Yes,3,4,Yes,Yes,Yes,2,Yes,2,13,2.379546134
10.142632,PLOP02,PLO,Oil palm,2.15,3.402,0.192535711,0.086104588,3.570764992,3.233235008,12.25,7.041543391,3.520771696,19.15071252,5.349287476,48,35.81433605,17.90716802,83.09804933,12.90195067,51.25,33.3004004,16.6502002,83.88439239,18.61560761,56,45.13682901,22.56841451,100.2340924,11.76590757,6,4.774648293,0,0,0,0,0,0,16,12.73239545,-145,13,-27.83333333,32.40325623,24,3,12,21,21,3,0.125,0.5,0.875,814.2728136,283.8266612,814.3932067,14,2.15,0.52,Site 2,3,7.75,0.46879047,-0.844618986,1.5,2009,250,167,Unknown,Yes,2,4,Yes,Yes,Yes,2,Yes,2,9,2.63905733
10.45318,PLOP03,PLO,Oil palm,2.7,3.434,0.270979704,0.121185808,3.671524183,3.196475817,18,1.414213562,0.707106781,19.38592929,16.61407071,10,0,0,10,10,6.25,4.573474245,2.286737122,10.73200476,1.76799524,59.5,40.34435111,20.17217556,99.03746409,19.96253591,1,0.795774715,0,0,0,0,0,0,13,10.3450713,-122,7,-29.08333333,30.25675155,24,4,13,20,22,2,0.166666667,0.541666667,0.916666667,809.7946047,155.4977151,809.8713574,9,1.93,0.53,Site 2,3,2,-2.451422473,-0.026011901,2,2003,400,200,Unknown,Yes,4,2,Yes,Yes,Yes,2,Yes,2,15,2.197224577
10.795581,PLOP04,PLO,Oil palm,4.6,3.568,0.172249819,0.077032461,3.718983623,3.417016377,16,5.416025603,2.708012802,21.30770509,10.69229491,40,21.60246899,10.8012345,61.17041961,18.82958039,42,32.78210894,16.39105447,74.12646676,9.873533237,0,0,0,0,0,1,0.795774715,0,0,0,0,0,0,15,11.93662073,-136,-14,-46.91666667,30.87128491,24,10,23,24,24,0,0.416666667,0.958333333,1,705.4738123,672.9600112,955.718305,12,2.16,0.34,Site 2,3,4,-0.347614564,0.589247531,3,2000,450,150,Local,Yes,3,2,Yes,Yes,Yes,2,Yes,2,18,2.48490665
7.932505,PLOP05,PLO,Oil palm,3,3.29,0.291804729,0.130499042,3.545778123,3.034221877,10.5,4.123105626,2.061552813,14.54064351,6.459356487,52.5,37.74917218,18.87458609,89.49418873,15.50581127,61.25,45.16174635,22.58087317,105.5085114,16.99148858,50,57.73502692,28.86751346,106.5803264,-6.580326381,0,0,0,0,0,0,0,0,15,11.93662073,-111,9,-35.16666667,25.94419876,24,7,19,21,22,2,0.291666667,0.791666667,0.916666667,416.7075104,371.8660808,568.49244,12,1.84,0.52,Site 2,3,9.5,0.581328311,0.588837314,2,1999,300,150,City,Yes,3,4,Yes,Yes,Yes,2,Yes,2,19,2.48490665
8.095455,PLOP06,PLO,Oil palm,5,3.534,0.273184919,0.12217201,3.773457139,3.294542861,13,1.154700538,0.577350269,14.13160653,11.86839347,67.5,20.61552813,10.30776406,87.70321757,47.29678243,51.25,29.54516317,14.77258158,80.20425991,22.29574009,25,50,25,74,-24,1,0.795774715,1,1,0.795774715,0.795774715,0.019894368,0.015831435,14,11.14084602,-78,0,-30.6875,14.87908694,23,3,20,23,24,0,0.130434783,0.869565217,1.043478261,287.9530223,153.6874058,331.1626913,10,1.79,0.29,Site 2,3,7,0.952335462,0.962065402,3,2000,375,125,Local,Yes,4,4,Yes,No,Yes,2,Yes,2,18,2.302585093
10.332098,PLOP08,PLO,Oil palm,5,3.214,0.139391535,0.06233779,3.336182067,3.091817933,14,4.546060566,2.273030283,18.45513935,9.544860646,70,29.43920289,14.71960144,98.85041883,41.14958117,42.5,42.11492214,21.05746107,83.77262369,1.227376305,25,50,25,74,-24,1,0.795774715,1,1,0.795774715,0.795774715,0.014037466,0.01117066,14,11.14084602,-76,15,-18.72916667,19.7247247,24,2,12,16,20,4,0.083333333,0.5,0.833333333,376.1807767,246.2434483,368.0004718,12,1.84,0.35,Site 2,3,6,0.628052159,0.631834994,1,2005,130,130,Local,Yes,2,4,Yes,Yes,Yes,2,Yes,2,13,2.48490665
10.596329,PLOP09,PLO,Oil palm,5,3.422,0.133304163,0.059615434,3.538846251,3.305153749,12,2.943920289,1.471960144,14.88504188,9.114958117,37.5,41.93248542,20.96624271,78.59383571,-3.59383571,44.5,39.12799509,19.56399755,82.84543519,6.154564809,0.25,0.5,0.25,0.74,-0.24,0,0,1,6,4.774648293,0.795774715,0.086206275,0.068600774,14,11.14084602,-62,23,-14.85416667,19.66318518,24,2,9,15,20,4,0.083333333,0.375,0.833333333,384.3311886,45.48692741,375.3472015,12,2.26,0.29,Site 2,3,8,0.032140238,1.53188318,2,2005,260,130,Local,Yes,4,3,Yes,Yes,Yes,2,Yes,2,13,2.48490665
10.183449,PLOP10,PLO,Oil palm,4.6,3.26,0.086313383,0.038600518,3.335657016,3.184342984,17.25,4.193248542,2.096624271,21.35938357,13.14061643,37.5,15,7.5,52.2,22.8,24.75,24.29506123,12.14753061,48.55916,0.940839998,52.75,54.74410166,27.37205083,106.3992196,-0.899219628,0,0,1,3,2.387324146,0.795774715,0.045184088,0.035956355,14,11.14084602,-81,17,-17.10416667,20.74481557,24,2,11,15,20,4,0.083333333,0.458333333,0.833333333,155.8470511,148.3567468,141.4490787,18,1.74,0.24,Site 2,3,2.75,-0.830390722,1.182174531,2,2006,275,138,Local,Yes,4,2,Yes,Yes,Yes,3,Yes,2,12,2.890371758
13.60961,PLOP12,PLO,Oil palm,4.7,3.36,0.162018517,0.072456884,3.502015492,3.217984508,2,1.825741858,0.912870929,3.789227021,0.210772979,20,21.60246899,10.8012345,41.17041961,-1.170419615,13.5,12.92284798,6.461423992,26.16439102,0.835608976,82.5,35,17.5,116.8,48.2,0,0,0,0,0,0,0,0,15,11.93662073,-169,2,-34.10416667,32.94922944,24,8,15,22,23,1,0.333333333,0.625,0.958333333,614.8047135,174.9246431,620.4024755,10.8,1.95,0.37,Site 2,3,18,-0.331581802,2.833895826,5,2005,650,130,Unknown,Yes,3,4,Yes,Yes,Yes,2,Yes,2,13,2.379546134
13.729699,PLOP13,PLO,Oil palm,4.6,3.59,0.22192341,0.099247166,3.784524446,3.395475554,6.75,1.707825128,0.853912564,8.423668625,5.076331375,42.5,9.574271078,4.787135539,51.88278566,33.11721434,62.75,22.73580143,11.36790072,85.0310854,40.4689146,50,57.73502692,28.86751346,106.5803264,-6.580326381,0,0,0,0,0,0,0,0,15,11.93662073,-113,2,-34.30434783,25.75837866,23,9,17,20,21,2,0.391304348,0.739130435,0.913043478,622.3733669,284.9708021,615.60618,9.75,2.22,0.59,Site 2,3,13.25,0.58961826,0.844122594,4,2001,600,150,Local,Yes,3,4,Yes,Yes,Yes,1,Yes,2,17,2.277267285
13.869983,PLOP14,PLO,Oil palm,4.8,3.36,0.032403703,0.014491377,3.388403098,3.331596902,13,8.679477711,4.339738855,21.50588816,4.494111843,0,0,0,0,0,0,0,0,0,0,75,50,25,124,26,0,0,0,0,0,0,0,0,14,11.14084602,-104,10,-25.39583333,22.64133348,24,2,16,22,23,1,0.083333333,0.666666667,0.958333333,601.0420706,362.0934381,600.9873772,12,2.36,0.5,Site 2,3,7,-2.40853895,1.070427731,2,2004,250,125,Local,Yes,3,3,Yes,Yes,Yes,1,Yes,2,14,2.48490665
15.459186,PLOP16,PLO,Oil palm,4.2,3.388,0.137368119,0.06143289,3.508408465,3.267591535,14.5,6.191391874,3.095695937,20.56756404,8.432435964,57.5,49.24428901,24.6221445,105.7594032,9.240596771,27.5,48.56267428,24.28133714,75.0914208,-20.0914208,50,57.73502692,28.86751346,106.5803264,-6.580326381,1,0.795774715,0,0,0,0,0,0,14,11.14084602,-132,-6,-31.70833333,28.31112727,24,3,17,22,24,0,0.125,0.708333333,1,660.5771046,582.793732,733.7911216,9,2.33,0.42,Site 2,3,5.5,-0.204925347,0.457286412,4,2005,480,120,Local,Yes,3,3,Yes,Yes,Yes,2,Yes,2,13,2.197224577
11.025098,PROP01,PRO,Oil palm,1.15,3.534,0.178129167,0.079661785,3.690137099,3.377862901,12.5,3.109126351,1.554563176,15.54694382,9.453056176,67.5,27.53785274,13.76892637,94.48709568,40.51290432,80.75,23.28626204,11.64313102,103.5705368,57.9294632,0,0,0,0,0,3,2.387324146,1,2,1.591549431,0.795774715,0.018947396,0.015077859,9,7.161972439,-91,13,-12.01923077,27.93867598,26,4,7,8,13,13,0.153846154,0.269230769,0.5,163.569696,360.6001556,162.418027,18,1.18,0.08,Site 1,2,7.5,2.144942825,1.247656374,6,2006,852,142,City,No,0,1,Yes,No,Yes,3,No,2,12,2.890371758
NA,PROP02,PRO,Oil palm,1.45,3.362,0.090111043,0.040298883,3.440985811,3.283014189,13,4.966554809,2.483277404,17.86722371,8.132776288,95,10,5,104.8,85.2,91.25,10.30776406,5.153882032,101.3516088,81.14839122,0,0,0,0,0,5,3.978873577,2,6,4.774648293,1.591549431,0.093232966,0.074192437,12,9.549296586,-81,11,-18.28846154,22.63633057,26,4,8,15,22,4,0.153846154,0.307692308,0.846153846,92.38128219,513.3843241,87.21020637,18,2.47,0.49,Site 1,2,7,2.53725562,-1.154429399,4,2006,528,132,Government,Yes,4,4,Yes,No,Yes,1,Yes,2,12,2.890371758
NA,PROP03,PRO,Oil palm,3.3,3.462,0.227420316,0.101705457,3.661342696,3.262657304,13.25,4.5,2.25,17.66,8.84,50,35.59026084,17.79513042,84.87845562,15.12154438,75,30,15,104.4,45.6,0,0,0,0,0,8,6.366197724,0,0,0,0,0,0,18,14.32394488,-70,15,-11.34615385,22.85947035,26,4,7,7,16,10,0.153846154,0.269230769,0.615384615,242.5506065,456.0017044,242.4784875,9,2.17,0.53,Site 1,2,6.75,1.087768861,-1.624388209,4,1992,520,130,City,Yes,3,4,Yes,No,Yes,2,No,2,26,2.197224577
NA,PROP04,PRO,Oil palm,1.5,3.338,0.197661327,0.088396833,3.511257792,3.164742208,11.75,1.5,0.75,13.22,10.28,87.5,18.92969449,9.464847243,106.0511006,68.9488994,84,20.91251619,10.45625809,104.4942659,63.50573414,25,50,25,74,-24,9,7.161972439,0,0,0,0,0,0,15,11.93662073,-78,10,-17.48076923,21.25110857,26,4,10,15,21,5,0.153846154,0.384615385,0.807692308,99.76338201,618.1202229,96.99259984,9,2.01,0.39,Site 1,2,8.25,2.717427694,-1.355121506,4,1992,520,130,City,Yes,3,4,Yes,No,Yes,2,No,2,26,2.197224577
NA,PROP06,PRO,Oil palm,2.8,3.692,0.555490774,0.248423026,4.178909132,3.205090868,17.75,2.62995564,1.31497782,20.32735653,15.17264347,52.5,33.04037934,16.52018967,84.87957175,20.12042825,67.5,26.61453237,13.30726619,93.58224172,41.41775828,5,10,5,14.8,-4.8,5,3.978873577,0,0,0,0,0,0,22,17.50704374,-94,19,-28.34615385,26.12844015,26,5,17,20,23,3,0.192307692,0.653846154,0.884615385,106.3145602,590.5231429,101.1834741,6,2.45,0.69,Site 1,2,2.25,0.103669102,-2.180561054,8,2004,1000,125,Unknown,Yes,2,4,Yes,No,Yes,5,Yes,2,14,1.791759469
NA,PROP08,PRO,Oil palm,2.7,4.304,1.667132268,0.745564216,5.765305863,2.842694137,16.25,4.787135539,2.393567769,20.94139283,11.55860717,40,18.25741858,9.128709292,57.89227021,22.10772979,29.75,10.65754819,5.328774093,40.19439722,19.30560278,0,0,0,0,0,8,6.366197724,0,0,0,0,0,0,16,12.73239545,-79,11,-18.80769231,21.49794266,26,4,9,16,22,4,0.153846154,0.346153846,0.846153846,102.8645221,229.6174235,96.87306878,16,2.08,0.49,Site 1,2,3.75,-0.427437281,-1.485800404,3,2004,500,167,Local,Yes,2,2,Yes,No,Yes,2,Yes,2,14,2.772588722
NA,PROP09,PRO,Oil palm,3.6,3.508,0.373590685,0.167074834,3.835466674,3.180533326,14.75,3.095695937,1.547847968,17.78378202,11.71621798,72.5,35.93976442,17.96988221,107.7209691,37.27903087,87.5,25,12.5,112,63,0,0,0,0,0,0,0,0,0,0,0,0,0,17,13.52817016,-85,11,-26.19230769,22.12874914,26,5,15,21,24,2,0.192307692,0.576923077,0.923076923,155.6098915,73.83318762,263.9440244,8,2.4,0.49,Site 1,2,5.25,1.360441679,-0.144209108,15,2010,1875,125,Local,Yes,2,4,Yes,No,Yes,2,No,2,8,2.079441542
NA,PROP10,PRO,Oil palm,3.8,3.308,0.119874935,0.053609701,3.413075013,3.202924987,11.25,2.217355783,1.108677891,13.42300867,9.076991333,100,0,0,100,100,97.5,5,2.5,102.4,92.6,0,0,0,0,0,2,1.591549431,0,0,0,0,0,0,13,10.3450713,-75,16,-16.15384615,21.63412546,26,3,9,15,21,5,0.115384615,0.346153846,0.807692308,10.19835703,97.75491656,131.4345126,12,1.93,0.5,Site 1,2,8.75,2.760619616,-0.388292447,2,2004,260,130,Local,Yes,2,4,Yes,No,Yes,4,No,2,14,2.48490665
9.720288,PROP11,PRO,Oil palm,3.2,3.236,0.129344501,0.057844619,3.349375454,3.122624546,10,6.055300708,3.027650354,15.93419469,4.065805306,60,48.98979486,24.49489743,108.009999,11.99000104,45,42.03173404,21.01586702,86.19109936,3.808900638,25,50,25,74,-24,2,1.591549431,0,0,0,0,0,0,16,12.73239545,-75,9,-17.69230769,20.81253321,26,4,9,15,21,5,0.153846154,0.346153846,0.807692308,95.8019901,66.51743878,307.6621772,18,2.1,0.41,Site 1,2,10,0.76521361,0.737334059,5,2006,528,106,Government,Yes,4,4,Yes,No,Yes,1,Yes,2,12,2.890371758
-3.296458,PROP12,PRO,Oil palm,3.25,3.438,0.138816426,0.062080593,3.559677962,3.316322038,11.5,8.103497187,4.051748594,19.44142724,3.558572756,47.5,22.17355783,11.08677891,69.23008667,25.76991333,60,36.51483717,18.25741858,95.78454042,24.21545958,0,0,0,0,0,0,0,1,2,1.591549431,0.795774715,0.018979227,0.015103189,12,9.549296586,-77,16,-13.82692308,21.61524569,26,3,7,14,20,6,0.115384615,0.269230769,0.769230769,152.8203205,205.5637067,155.0360992,12,2.01,0.49,Site 1,2,8.5,0.375283074,0.617681257,1,2006,140,140,Local,Yes,3,4,Yes,No,Yes,2,No,2,12,2.48490665
14.237362,SWOP01,SWO,Oil palm,3.95,3.24,0.134907376,0.060332413,3.358251529,3.121748471,14.25,8.5,4.25,22.58,5.92,23.75,14.93039406,7.465197028,38.38178617,9.118213825,7,7.615773106,3.807886553,14.46345764,-0.463457644,100,0,0,100,100,0,0,0,0,0,0,0,0,17,13.52817016,-44,3,-19.26923077,11.02926178,26,1,12,21,25,1,0.038461538,0.461538462,0.961538462,204.2446334,156.7464934,2317.575913,15,1.56,0.45,Site 3,4,5.75,-1.657156208,0.922858257,8,2004,960,120,Unknown,Yes,4,3,No,No,Yes,2,Yes,1,14,2.708050201
14.870881,SWOP02,SWO,Oil palm,3.91,3.36,0.183983695,0.08228001,3.521268819,3.198731181,14,5.099019514,2.549509757,18.99703912,9.002960877,67.5,39.47573094,19.73786547,106.1862163,28.81378368,70.75,34.48067091,17.24033546,104.5410575,36.9589425,50,57.73502692,28.86751346,106.5803264,-6.580326381,0,0,0,0,0,0,0,0,17,13.52817016,-62,3,-20.55769231,15.63862329,26,3,9,20,25,1,0.115384615,0.346153846,0.961538462,99.63964029,215.6529146,2519.78176,12,1.69,0.45,Site 3,4,6,0.980078633,0.261521479,2,2006,300,150,Local,Yes,3,2,Yes,No,Yes,2,Yes,2,12,2.48490665
13.681396,SWOP03,SWO,Oil palm,4.06,3.238,0.155145093,0.069382995,3.37399067,3.10200933,12.5,5.567764363,2.783882181,17.95640908,7.043590924,35,26.45751311,13.22875656,60.92836285,9.071637152,39,33.67491648,16.83745824,72.00141815,5.998581849,91.25,10.30776406,5.153882032,101.3516088,81.14839122,1,0.795774715,0,0,0,0,0,0,15,11.93662073,-76,0,-34.24,16.63400132,25,5,21,24,25,0,0.2,0.84,1,444.64533,138.1791125,2014.346483,9,2.04,0.58,Site 3,4,7.5,-0.607426131,0.120771131,4,2007,700,175,City,Yes,12,3,Yes,No,Yes,1,Yes,2,11,2.197224577
13.944174,SWOP04,SWO,Oil palm,4.15,3.456,0.250659131,0.112098171,3.675712416,3.236287584,8.5,3.109126351,1.554563176,11.54694382,5.453056176,37.5,43.4932945,21.74664725,80.12342861,-5.123428612,28,48.08326112,24.04163056,75.1215959,-19.1215959,0,0,0,0,0,0,0,2,2,1.591549431,1.591549431,0.074046837,0.058924601,15,11.93662073,-85,21,-34.61923077,21.02725887,26,6,23,24,25,1,0.230769231,0.884615385,0.961538462,653.4651135,162.9553738,2054.945154,4.8,1.37,0.25,Site 3,4,11.5,0.047199026,2.267542081,2.5,2012,250,100,Local,Yes,3,4,Yes,No,Yes,2,Yes,2,6,1.568615918
13.90646,SWOP05,SWO,Oil palm,4.38,3.45,0.304055916,0.135977939,3.716516761,3.183483239,17,2.449489743,1.224744871,19.40049995,14.59950005,47.5,37.74917218,18.87458609,84.49418873,10.50581127,47.5,35.70714214,17.85357107,82.4929993,12.5070007,62.5,47.87135539,23.93567769,109.4139283,15.58607172,5,3.978873577,0,0,0,0,0,0,18,14.32394488,-85,-8,-43.38461538,15.45335413,26,16,25,25,26,0,0.615384615,0.961538462,1,703.9181219,68.94423044,2113.210209,16,2.11,0.44,Site 3,4,3,-0.012516312,-0.896982657,3,2005,415,138,Local,Yes,3,4,Yes,Yes,No,0,Yes,1,13,2.772588722
8.947144,SWOP07,SWO,Oil palm,2.6,3.318,0.105688221,0.047265209,3.41063981,3.22536019,14,2.581988897,1.290994449,16.53034912,11.46965088,16.25,11.08677891,5.543389457,27.11504333,5.384956665,28.5,30.88149392,15.44074696,58.76386404,-1.763864041,66.25,47.1478172,23.5739086,112.4548609,20.04513914,1,0.795774715,0,0,0,0,0,0,14,11.14084602,-148,-6,-36.92307692,28.59499687,26,6,22,25,26,0,0.230769231,0.846153846,1,715.1897202,383.1649961,2126.279277,18,1.91,0.36,Site 3,4,6,-1.128994,1.002116834,2,2012,200,100,Unknown,Yes,3,3,No,Yes,No,0,No,2,6,2.890371758
11.842784,SWOP09,SWO,Oil palm,4.1,3.06,0.186145105,0.083246622,3.223163378,2.896836622,12.25,4.272001873,2.136000936,16.43656184,8.063438165,47.5,41.1298756,20.5649378,87.80727809,7.192721914,35.75,38.62965182,19.31482591,73.60705879,-2.107058787,35,26.45751311,13.22875656,60.92836285,9.071637152,0,0,0,0,0,0,0,0,17,13.52817016,-168,-19,-51.53846154,29.81037507,26,16,25,26,26,0,0.615384615,0.961538462,1,376.9203387,343.6597924,2506.399999,18,2.3,0.46,Site 3,4,7.75,-0.200936445,0.808023021,1,2008,133,133,Unknown,Yes,3,4,Yes,Yes,Yes,2,Yes,2,10,2.890371758
7.573856,SWOP10,SWO,Oil palm,2.6,3.504,0.184065206,0.082316463,3.665340267,3.342659733,19.75,0.5,0.25,20.24,19.26,20,11.54700538,5.773502692,31.31606528,8.683934724,23.25,14.17450763,7.087253817,37.14101748,9.358982519,22.5,45,22.5,66.6,-21.6,1,0.795774715,0,0,0,0,0,0,18,14.32394488,-142,-22,-49.1,27.3328252,25,12,25,25,25,0,0.48,1,1,637.978324,150.3802299,2339.029659,10.43,2.52,0.69,Site 3,4,0.25,-2.220226911,-1.082869777,2.3,2006,308,134,Local,Yes,3,3,No,Yes,Yes,2,Yes,2,12,2.344686269
NA,SWOP13,SWO,Oil palm,4.4,3.816,0.480655802,0.214955809,4.237313386,3.394686614,8.75,7.274384281,3.63719214,15.8788966,1.621103405,75,30,15,104.4,45.6,87.5,25,12.5,112,63,0,0,0,0,0,1,0.795774715,0,0,0,0,0,0,12,9.549296586,-85,4,-25.58,19.53612039,25,3,16,21,23,2,0.12,0.64,0.92,828.7475034,391.1744892,1893.257325,9,1.98,0.4,Site 3,4,11.25,2.199955872,0.778824958,2,2005,460,230,Local,Yes,3,3,Yes,No,Yes,2,Yes,2,13,2.197224577
12.75929,SWOP14,SWO,Oil palm,4.2,3.25,0.146116392,0.065345237,3.378076665,3.121923335,18,3.366501646,1.683250823,21.29917161,14.70082839,55,38.72983346,19.36491673,92.95523679,17.04476321,68,41.82503238,20.91251619,108.9885317,27.01146827,25,50,25,74,-24,1,0.795774715,0,0,0,0,0,0,12,9.549296586,-65,-4,-25.34615385,14.77820641,26,3,18,24,26,0,0.115384615,0.692307692,1,603.6119981,382.8538181,1791.30236,6,1.91,0.58,Site 3,4,2,0.069138034,-0.917442852,2,2005,300,150,Unknown,Yes,3,2,Yes,No,Yes,3,Yes,2,13,1.791759469
