Site,Date,Rainfall_mm
PLO,07-Sep-18,0
PLO,08-Sep-18,0
PLO,09-Sep-18,0
PLO,10-Sep-18,0
PLO,11-Sep-18,0
PLO,12-Sep-18,0
PLO,13-Sep-18,0
PLO,14-Sep-18,0
PLO,15-Sep-18,0
PLO,16-Sep-18,0
PLO,17-Sep-18,0
PLO,18-Sep-18,0
PLO,19-Sep-18,0
PLO,20-Sep-18,0
PLO,21-Sep-18,0
PLO,22-Sep-18,0
PLO,23-Sep-18,0
PLO,24-Sep-18,0
PLO,25-Sep-18,0
PLO,26-Sep-18,0
PLO,27-Sep-18,0
PLO,28-Sep-18,0
PLO,29-Sep-18,0
PLO,30-Sep-18,0
PLO,01-Oct-18,0
PLO,02-Oct-18,52.1134916
PLO,03-Oct-18,10.10685898
PLO,04-Oct-18,0
PLO,05-Oct-18,0
PLO,06-Oct-18,0
PLO,07-Oct-18,0
PLO,08-Oct-18,0
PLO,09-Oct-18,0
PLO,10-Oct-18,0
PLO,11-Oct-18,0
PLO,12-Oct-18,0
PLO,13-Oct-18,0
PLO,14-Oct-18,0
PLO,15-Oct-18,0
PLO,16-Oct-18,6.316786861
PLO,17-Oct-18,0
PLO,18-Oct-18,0
PLO,19-Oct-18,44.21750803
PLO,20-Oct-18,0
PLO,21-Oct-18,47.37590146
PLO,22-Oct-18,51.06069379
PLO,23-Oct-18,0
PLO,24-Oct-18,9.475180292
PLO,25-Oct-18,0
PLO,26-Oct-18,0
PLO,27-Oct-18,24.21434963
PLO,28-Oct-18,5.263989051
PLO,29-Oct-18,0
PLO,30-Oct-18,0
PLO,31-Oct-18,0
PLO,01-Nov-18,0
PLO,02-Nov-18,12.10717482
PLO,03-Nov-18,0
PLO,04-Nov-18,0
PLO,05-Nov-18,36.84792336
PLO,06-Nov-18,2.631994525
PLO,07-Nov-18,28.95193978
PLO,08-Nov-18,0
PLO,09-Nov-18,0
PLO,10-Nov-18,0
PLO,11-Nov-18,6.316786861
PLO,12-Nov-18,0
PLO,13-Nov-18,62.64146971
PLO,14-Nov-18,0
PLO,15-Nov-18,84.75022372
PLO,16-Nov-18,21.0559562
PLO,17-Nov-18,0
PLO,18-Nov-18,0
PLO,19-Nov-18,56.85108175
PLO,20-Nov-18,10.5279781
PLO,21-Nov-18,0
PLO,22-Nov-18,49.48149708
PLO,23-Nov-18,0
PLO,24-Nov-18,3.684792336
PLO,25-Nov-18,9.475180292
PLO,26-Nov-18,17.37116387
PLO,27-Nov-18,0
PLO,28-Nov-18,0
PLO,29-Nov-18,0
PLO,30-Nov-18,26.31994525
PLO,01-Dec-18,0
PLO,02-Dec-18,6.316786861
PLO,03-Dec-18,0
PLO,04-Dec-18,0
PLO,05-Dec-18,0
PLO,06-Dec-18,0
PLO,07-Dec-18,0
PLO,08-Dec-18,3.158393431
PLO,09-Dec-18,3.158393431
PLO,10-Dec-18,0
PLO,11-Dec-18,4.737590146
PLO,12-Dec-18,0
PLO,13-Dec-18,21.0559562
PLO,14-Dec-18,0
PLO,15-Dec-18,0
PLO,16-Dec-18,0
PLO,17-Dec-18,83.171027
PLO,18-Dec-18,6.316786861
PLO,19-Dec-18,0
PLO,20-Dec-18,12.63357372
PLO,21-Dec-18,2.10559562
PLO,22-Dec-18,0
PLO,23-Dec-18,0
PLO,24-Dec-18,4.737590146
PLO,25-Dec-18,0
PLO,26-Dec-18,0
PLO,27-Dec-18,0
PLO,28-Dec-18,36.84792336
PLO,29-Dec-18,0
PLO,30-Dec-18,0
PLO,31-Dec-18,1.05279781
PLO,01-Jan-19,0
PLO,02-Jan-19,0
PLO,03-Jan-19,0
PLO,04-Jan-19,0
PLO,05-Jan-19,0
PLO,06-Jan-19,0
PLO,07-Jan-19,0
PLO,08-Jan-19,0
PLO,09-Jan-19,0
PLO,10-Jan-19,25.26714744
PLO,11-Jan-19,0
PLO,12-Jan-19,21.0559562
PLO,13-Jan-19,16.84476496
PLO,14-Jan-19,0
PLO,15-Jan-19,50.00789598
PLO,16-Jan-19,0
PLO,17-Jan-19,0
PLO,18-Jan-19,0
PLO,19-Jan-19,0
PLO,20-Jan-19,6.316786861
PLO,21-Jan-19,0
PLO,22-Jan-19,0
PLO,23-Jan-19,0
PLO,24-Jan-19,0
PLO,25-Jan-19,10.5279781
PLO,26-Jan-19,0
PLO,27-Jan-19,8.422382481
PLO,28-Jan-19,43.69110912
PLO,29-Jan-19,0
PLO,30-Jan-19,52.1134916
PLO,31-Jan-19,0
PLO,01-Feb-19,6.316786861
PLO,02-Feb-19,49.69205664
PLO,03-Feb-19,15.26556825
PLO,04-Feb-19,0
PLO,05-Feb-19,2.631994525
PLO,06-Feb-19,0
PLO,07-Feb-19,0
PLO,08-Feb-19,4.211191241
PLO,09-Feb-19,70.11633416
PLO,10-Feb-19,0
PLO,11-Feb-19,2.10559562
PLO,12-Feb-19,3.158393431
PLO,13-Feb-19,0
PLO,14-Feb-19,4.211191241
PLO,15-Feb-19,12.10717482
PLO,16-Feb-19,21.0559562
PLO,17-Feb-19,25.26714744
PLO,18-Feb-19,0
PLO,19-Feb-19,46.32310365
PLO,20-Feb-19,6.316786861
PLO,21-Feb-19,2.10559562
PLO,22-Feb-19,0
PLO,23-Feb-19,0
PLO,24-Feb-19,0
PLO,25-Feb-19,0
PLO,26-Feb-19,84.22382481
PLO,27-Feb-19,14.73916934
PLO,28-Feb-19,6.316786861
PLO,01-Mar-19,0
PLO,02-Mar-19,0
PLO,03-Mar-19,0
PLO,04-Mar-19,1.05279781
PLO,05-Mar-19,3.158393431
PLO,06-Mar-19,0
PLO,07-Mar-19,0
PLO,08-Mar-19,0
PLO,09-Mar-19,3.158393431
PLO,10-Mar-19,2.10559562
PLO,11-Mar-19,0
PLO,12-Mar-19,4.211191241
PLO,13-Mar-19,0
PLO,14-Mar-19,0
PLO,15-Mar-19,2.631994525
PLO,16-Mar-19,8.422382481
PLO,17-Mar-19,0
PLO,18-Mar-19,0
PLO,19-Mar-19,21.0559562
PLO,20-Mar-19,0
PLO,21-Mar-19,0
PLO,22-Mar-19,0
PLO,23-Mar-19,0
PLO,24-Mar-19,0
PLO,25-Mar-19,4.211191241
PLO,26-Mar-19,2.10559562
PLO,27-Mar-19,0
PLO,28-Mar-19,4.211191241
PLO,29-Mar-19,0
PLO,30-Mar-19,6.316786861
PLO,31-Mar-19,1.05279781
PLO,01-Apr-19,0
PLO,02-Apr-19,2.10559562
PLO,03-Apr-19,0
PLO,04-Apr-19,0
PLO,05-Apr-19,0
PLO,06-Apr-19,0
PLO,07-Apr-19,0
PLO,08-Apr-19,0
PLO,09-Apr-19,2.631994525
PLO,10-Apr-19,4.211191241
PLO,11-Apr-19,0
PLO,12-Apr-19,0
PLO,13-Apr-19,0
PLO,14-Apr-19,7.369584671
PLO,15-Apr-19,1.05279781
PLO,16-Apr-19,3.158393431
PLO,17-Apr-19,0
PLO,18-Apr-19,63.16786861
PLO,19-Apr-19,42.11191241
PLO,20-Apr-19,26.31994525
PLO,21-Apr-19,10.5279781
PLO,22-Apr-19,15.79196715
PLO,23-Apr-19,34.74232774
PLO,24-Apr-19,0
PLO,25-Apr-19,0
PLO,26-Apr-19,6.316786861
PLO,27-Apr-19,0
PLO,28-Apr-19,0
PLO,29-Apr-19,1.05279781
PLO,30-Apr-19,6.316786861
PLO,01-May-19,2.631994525
PLO,02-May-19,0
PLO,03-May-19,1.05279781
PLO,04-May-19,0
PLO,05-May-19,0
PLO,06-May-19,0
PLO,07-May-19,0
PLO,08-May-19,3.158393431
PLO,09-May-19,0
PLO,10-May-19,0
PLO,11-May-19,0
PLO,12-May-19,1.579196715
PLO,13-May-19,0
PLO,14-May-19,0
PLO,15-May-19,0
PLO,16-May-19,0
PLO,17-May-19,0
PLO,18-May-19,1.05279781
PLO,19-May-19,0
PLO,20-May-19,0
PLO,21-May-19,9.475180292
PLO,22-May-19,0
PLO,23-May-19,4.211191241
PLO,24-May-19,0
PLO,25-May-19,0
PLO,26-May-19,12.63357372
PLO,27-May-19,0
PLO,28-May-19,0
PLO,29-May-19,0
PLO,30-May-19,0
PLO,31-May-19,0
PLO,01-Jun-19,11.58077591
PLO,02-Jun-19,0
PLO,03-Jun-19,0
PLO,04-Jun-19,0
PLO,05-Jun-19,3.158393431
PLO,06-Jun-19,0
PLO,07-Jun-19,0
PLO,08-Jun-19,0
PLO,09-Jun-19,0
PLO,10-Jun-19,0
PLO,11-Jun-19,35.79512555
PLO,12-Jun-19,6.316786861
PLO,13-Jun-19,0
PLO,14-Jun-19,0
PLO,15-Jun-19,0
PLO,16-Jun-19,0
PLO,17-Jun-19,0
PLO,18-Jun-19,0
PLO,19-Jun-19,0
PLO,20-Jun-19,0
PLO,21-Jun-19,0
PLO,22-Jun-19,0
PLO,23-Jun-19,0
PLO,24-Jun-19,0
PLO,25-Jun-19,0
PLO,26-Jun-19,0
PLO,27-Jun-19,0
PLO,28-Jun-19,0
PLO,29-Jun-19,0
PLO,30-Jun-19,0
PLO,01-Jul-19,0
PLO,02-Jul-19,0
PLO,03-Jul-19,0
PLO,04-Jul-19,0
PLO,05-Jul-19,0
PLO,06-Jul-19,0
PLO,07-Jul-19,0
PLO,08-Jul-19,0
PLO,09-Jul-19,3.158393431
PLO,10-Jul-19,0
PLO,11-Jul-19,0
PLO,12-Jul-19,0
PLO,13-Jul-19,0
PLO,14-Jul-19,0
PLO,15-Jul-19,0
PLO,16-Jul-19,0
PLO,17-Jul-19,0
PLO,18-Jul-19,0
PLO,19-Jul-19,0
PLO,20-Jul-19,0
PLO,21-Jul-19,0
PLO,22-Jul-19,0
PLO,23-Jul-19,0
PLO,24-Jul-19,0
PLO,25-Jul-19,0
PLO,26-Jul-19,0
PLO,27-Jul-19,0
PLO,28-Jul-19,0
PLO,29-Jul-19,0
PLO,30-Jul-19,0
PLO,31-Jul-19,0
PLO,01-Aug-19,0
PLO,02-Aug-19,0
PLO,03-Aug-19,0
PLO,04-Aug-19,0
PLO,05-Aug-19,0
PLO,06-Aug-19,0
PLO,07-Aug-19,0
PLO,08-Aug-19,0
PLO,09-Aug-19,0
PLO,10-Aug-19,0
PLO,11-Aug-19,0
PLO,12-Aug-19,0
PLO,13-Aug-19,0
PLO,14-Aug-19,0
PLO,15-Aug-19,0
PLO,16-Aug-19,0
PLO,17-Aug-19,0
PLO,18-Aug-19,0
PLO,19-Aug-19,0
PLO,20-Aug-19,0
PLO,21-Aug-19,0
PLO,22-Aug-19,0
PLO,23-Aug-19,0
PLO,24-Aug-19,0
PRO,07-Sep-18,0
PRO,08-Sep-18,0
PRO,09-Sep-18,0
PRO,10-Sep-18,0
PRO,11-Sep-18,0
PRO,12-Sep-18,0
PRO,13-Sep-18,0
PRO,14-Sep-18,0
PRO,15-Sep-18,0
PRO,16-Sep-18,0
PRO,17-Sep-18,0
PRO,18-Sep-18,0
PRO,19-Sep-18,0
PRO,20-Sep-18,0
PRO,21-Sep-18,0
PRO,22-Sep-18,0
PRO,23-Sep-18,0
PRO,24-Sep-18,0
PRO,25-Sep-18,0
PRO,26-Sep-18,0
PRO,27-Sep-18,0
PRO,28-Sep-18,0
PRO,29-Sep-18,0
PRO,30-Sep-18,0
PRO,01-Oct-18,0
PRO,02-Oct-18,6.632626204
PRO,03-Oct-18,0
PRO,04-Oct-18,0
PRO,05-Oct-18,0
PRO,06-Oct-18,12.63357372
PRO,07-Oct-18,0
PRO,08-Oct-18,4.211191241
PRO,09-Oct-18,0
PRO,10-Oct-18,0
PRO,11-Oct-18,20.5295573
PRO,12-Oct-18,30.5311365
PRO,13-Oct-18,27.37274306
PRO,14-Oct-18,0
PRO,15-Oct-18,0
PRO,16-Oct-18,0
PRO,17-Oct-18,3.158393431
PRO,18-Oct-18,0
PRO,19-Oct-18,0
PRO,20-Oct-18,21.58235511
PRO,21-Oct-18,20.5295573
PRO,22-Oct-18,14.84444912
PRO,23-Oct-18,0
PRO,24-Oct-18,6.316786861
PRO,25-Oct-18,18.42396168
PRO,26-Oct-18,0
PRO,27-Oct-18,16.1078065
PRO,28-Oct-18,0
PRO,29-Oct-18,0
PRO,30-Oct-18,32.63673212
PRO,31-Oct-18,21.26651577
PRO,01-Nov-18,0
PRO,02-Nov-18,10.21213876
PRO,03-Nov-18,0
PRO,04-Nov-18,35.79512555
PRO,05-Nov-18,17.16060431
PRO,06-Nov-18,0
PRO,07-Nov-18,50.95541401
PRO,08-Nov-18,0
PRO,09-Nov-18,0
PRO,10-Nov-18,3.158393431
PRO,11-Nov-18,15.37084803
PRO,12-Nov-18,0
PRO,13-Nov-18,50.74485445
PRO,14-Nov-18,0
PRO,15-Nov-18,19.79259883
PRO,16-Nov-18,0
PRO,17-Nov-18,7.159025109
PRO,18-Nov-18,0
PRO,19-Nov-18,15.16028847
PRO,20-Nov-18,22.10875401
PRO,21-Nov-18,24.4249092
PRO,22-Nov-18,0
PRO,23-Nov-18,22.10875401
PRO,24-Nov-18,0
PRO,25-Nov-18,0
PRO,26-Nov-18,0
PRO,27-Nov-18,17.89756277
PRO,28-Nov-18,0
PRO,29-Nov-18,0
PRO,30-Nov-18,24.21434963
PRO,01-Dec-18,30.5311365
PRO,02-Dec-18,0
PRO,03-Dec-18,0
PRO,04-Dec-18,0
PRO,05-Dec-18,0
PRO,06-Dec-18,7.369584671
PRO,07-Dec-18,0
PRO,08-Dec-18,13.68637153
PRO,09-Dec-18,12.42301416
PRO,10-Dec-18,0
PRO,11-Dec-18,0
PRO,12-Dec-18,3.158393431
PRO,13-Dec-18,0
PRO,14-Dec-18,12.63357372
PRO,15-Dec-18,0
PRO,16-Dec-18,0
PRO,17-Dec-18,75.80144233
PRO,18-Dec-18,0
PRO,19-Dec-18,0
PRO,20-Dec-18,28.42554087
PRO,21-Dec-18,43.16471022
PRO,22-Dec-18,0
PRO,23-Dec-18,0
PRO,24-Dec-18,0
PRO,25-Dec-18,27.37274306
PRO,26-Dec-18,0
PRO,27-Dec-18,0
PRO,28-Dec-18,0
PRO,29-Dec-18,41.26967416
PRO,30-Dec-18,0
PRO,31-Dec-18,24.21434963
PRO,01-Jan-19,0
PRO,02-Jan-19,0
PRO,03-Jan-19,0
PRO,04-Jan-19,0
PRO,05-Jan-19,40.53271569
PRO,06-Jan-19,0
PRO,07-Jan-19,3.158393431
PRO,08-Jan-19,33.68952993
PRO,09-Jan-19,0
PRO,10-Jan-19,0
PRO,11-Jan-19,0
PRO,12-Jan-19,5.685108175
PRO,13-Jan-19,13.89693109
PRO,14-Jan-19,49.69205664
PRO,15-Jan-19,0
PRO,16-Jan-19,0
PRO,17-Jan-19,0
PRO,18-Jan-19,8.843501606
PRO,19-Jan-19,15.47612781
PRO,20-Jan-19,0
PRO,21-Jan-19,0
PRO,22-Jan-19,0
PRO,23-Jan-19,0
PRO,24-Jan-19,0
PRO,25-Jan-19,4.211191241
PRO,26-Jan-19,0
PRO,27-Jan-19,13.89693109
PRO,28-Jan-19,22.10875401
PRO,29-Jan-19,27.05690372
PRO,30-Jan-19,56.85108175
PRO,31-Jan-19,0
PRO,01-Feb-19,0
PRO,02-Feb-19,61.5886719
PRO,03-Feb-19,33.05785124
PRO,04-Feb-19,0
PRO,05-Feb-19,0
PRO,06-Feb-19,0
PRO,07-Feb-19,0
PRO,08-Feb-19,0
PRO,09-Feb-19,32.95257146
PRO,10-Feb-19,0
PRO,11-Feb-19,0
PRO,12-Feb-19,0
PRO,13-Feb-19,14.73916934
PRO,14-Feb-19,27.68858241
PRO,15-Feb-19,0
PRO,16-Feb-19,3.158393431
PRO,17-Feb-19,31.0575354
PRO,18-Feb-19,40.53271569
PRO,19-Feb-19,0
PRO,20-Feb-19,12.10717482
PRO,21-Feb-19,6.316786861
PRO,22-Feb-19,0
PRO,23-Feb-19,0
PRO,24-Feb-19,25.26714744
PRO,25-Feb-19,0
PRO,26-Feb-19,31.0575354
PRO,27-Feb-19,35.79512555
PRO,28-Feb-19,0
PRO,01-Mar-19,0
PRO,02-Mar-19,0
PRO,03-Mar-19,0
PRO,04-Mar-19,0
PRO,05-Mar-19,3.158393431
PRO,06-Mar-19,0
PRO,07-Mar-19,22.10875401
PRO,08-Mar-19,0
PRO,09-Mar-19,0
PRO,10-Mar-19,2.947833869
PRO,11-Mar-19,9.580460073
PRO,12-Mar-19,0
PRO,13-Mar-19,0
PRO,14-Mar-19,0
PRO,15-Mar-19,0
PRO,16-Mar-19,0
PRO,17-Mar-19,11.58077591
PRO,18-Mar-19,0
PRO,19-Mar-19,0
PRO,20-Mar-19,30.5311365
PRO,21-Mar-19,0
PRO,22-Mar-19,0
PRO,23-Mar-19,0
PRO,24-Mar-19,0
PRO,25-Mar-19,0
PRO,26-Mar-19,24.21434963
PRO,27-Mar-19,0
PRO,28-Mar-19,52.1134916
PRO,29-Mar-19,34.74232774
PRO,30-Mar-19,28.42554087
PRO,31-Mar-19,0
PRO,01-Apr-19,0
PRO,02-Apr-19,0
PRO,03-Apr-19,24.21434963
PRO,04-Apr-19,0
PRO,05-Apr-19,0
PRO,06-Apr-19,29.79417803
PRO,07-Apr-19,0
PRO,08-Apr-19,0
PRO,09-Apr-19,20.00315839
PRO,10-Apr-19,0
PRO,11-Apr-19,0
PRO,12-Apr-19,0
PRO,13-Apr-19,0
PRO,14-Apr-19,32.42617255
PRO,15-Apr-19,43.16471022
PRO,16-Apr-19,9.475180292
PRO,17-Apr-19,0
PRO,18-Apr-19,0
PRO,19-Apr-19,120.0189504
PRO,20-Apr-19,0
PRO,21-Apr-19,40.53271569
PRO,22-Apr-19,0
PRO,23-Apr-19,24.53018898
PRO,24-Apr-19,0
PRO,25-Apr-19,114.7549613
PRO,26-Apr-19,60.53587409
PRO,27-Apr-19,24.21434963
PRO,28-Apr-19,0
PRO,29-Apr-19,0
PRO,30-Apr-19,32.11033321
PRO,01-May-19,0
PRO,02-May-19,0
PRO,03-May-19,14.52860978
PRO,04-May-19,0
PRO,05-May-19,0
PRO,06-May-19,25.58298679
PRO,07-May-19,0
PRO,08-May-19,0
PRO,09-May-19,0
PRO,10-May-19,0
PRO,11-May-19,0
PRO,12-May-19,0
PRO,13-May-19,0
PRO,14-May-19,0
PRO,15-May-19,32.63673212
PRO,16-May-19,0
PRO,17-May-19,0
PRO,18-May-19,25.26714744
PRO,19-May-19,0
PRO,20-May-19,0
PRO,21-May-19,9.475180292
PRO,22-May-19,0
PRO,23-May-19,0
PRO,24-May-19,0
PRO,25-May-19,0
PRO,26-May-19,45.79670474
PRO,27-May-19,0
PRO,28-May-19,0
PRO,29-May-19,30.00473759
PRO,30-May-19,38.21656051
PRO,31-May-19,0
PRO,01-Jun-19,0
PRO,02-Jun-19,23.16155182
PRO,03-Jun-19,0
PRO,04-Jun-19,5.053429489
PRO,05-Jun-19,0
PRO,06-Jun-19,10.0015792
PRO,07-Jun-19,0
PRO,08-Jun-19,32.11033321
PRO,09-Jun-19,6.21150708
PRO,10-Jun-19,0
PRO,11-Jun-19,11.89661526
PRO,12-Jun-19,31.58393431
PRO,13-Jun-19,0
PRO,14-Jun-19,0
PRO,15-Jun-19,0
PRO,16-Jun-19,0
PRO,17-Jun-19,0
PRO,18-Jun-19,0
PRO,19-Jun-19,0
PRO,20-Jun-19,0
PRO,21-Jun-19,0
PRO,22-Jun-19,0
PRO,23-Jun-19,0
PRO,24-Jun-19,0
PRO,25-Jun-19,0
PRO,26-Jun-19,0
PRO,27-Jun-19,0
PRO,28-Jun-19,0
PRO,29-Jun-19,0
PRO,30-Jun-19,0
PRO,01-Jul-19,0
PRO,02-Jul-19,0
PRO,03-Jul-19,0
PRO,04-Jul-19,0
PRO,05-Jul-19,19.05564036
PRO,06-Jul-19,0
PRO,07-Jul-19,0
PRO,08-Jul-19,14.21277044
PRO,09-Jul-19,0
PRO,10-Jul-19,0
PRO,11-Jul-19,0
PRO,12-Jul-19,0
PRO,13-Jul-19,0
PRO,14-Jul-19,0
PRO,15-Jul-19,0
PRO,16-Jul-19,0
PRO,17-Jul-19,0
PRO,18-Jul-19,0
PRO,19-Jul-19,0
PRO,20-Jul-19,0
PRO,21-Jul-19,0
PRO,22-Jul-19,16.00252671
PRO,23-Jul-19,0
PRO,24-Jul-19,0
PRO,25-Jul-19,0
PRO,26-Jul-19,0
PRO,27-Jul-19,0
PRO,28-Jul-19,0
PRO,29-Jul-19,0
PRO,30-Jul-19,0
PRO,31-Jul-19,0
PRO,01-Aug-19,0
PRO,02-Aug-19,0
PRO,03-Aug-19,0
PRO,04-Aug-19,0
PRO,05-Aug-19,0
PRO,06-Aug-19,0
PRO,07-Aug-19,0
PRO,08-Aug-19,0
PRO,09-Aug-19,0
PRO,10-Aug-19,0
PRO,11-Aug-19,0
PRO,12-Aug-19,0
PRO,13-Aug-19,0
PRO,14-Aug-19,0
PRO,15-Aug-19,0
PRO,16-Aug-19,0
PRO,17-Aug-19,0
PRO,18-Aug-19,0
PRO,19-Aug-19,0
PRO,20-Aug-19,0
PRO,21-Aug-19,0
PRO,22-Aug-19,0
PRO,23-Aug-19,0
PRO,24-Aug-19,0
